10.1987, 10.1004, 0.119988, 0.999902, -2.01367e-05, -7.8155e-06, 0.0139853, 3.99901, 3.92221, 3.84898, 3.77911, 3.71238, 3.64862, 3.58764, 3.5293, 3.47344, 3.41992, 3.36863, 3.31944, 3.27225, 3.22696, 3.18347, 3.14169, 3.10155, 3.06296, 3.02586, 2.99019, 2.95587, 2.92285, 2.89107, 2.86049, 2.83105, 2.80271, 2.77543, 2.74916, 2.72388, 2.69953, 2.6761, 2.65354, 2.63183, 2.61094, 2.59085, 2.57151, 2.55292, 2.53506, 2.51789, 2.5014, 2.48556, 2.47037, 2.45581, 2.44185, 2.42849, 2.4157, 2.40348, 2.39181, 2.38068, 2.37008, 2.35999, 2.35041, 2.34133, 2.33274, 2.32463, 2.31699, 2.30982, 2.3031, 2.29684, 2.29102, 2.28564, 2.28069, 2.27618, 2.27209, 2.26843, 2.26518, 2.26236, 2.25994, 2.25794, 2.25634, 2.25516, 2.25438, 2.25401, 2.25404, 2.25448, 2.25533, 2.25658, 2.25825, 2.26032, 2.2628, 2.2657, 2.26902, 2.27276, 2.27691, 2.2815, 2.28652, 2.29197, 2.29786, 2.30421, 2.311, 2.31825, 2.32597, 2.33416, 2.34284, 2.352, 2.36166, 2.37183, 2.38252, 2.39374, 2.40551, 2.41782, 2.43071, 2.44417, 2.45823, 2.4729, 2.4882, 2.50414, 2.52074, 2.53803, 2.55602, 2.57473, 2.59419, 2.61442, 2.63545, 2.6573, 2.68, 2.70359, 2.72809, 2.75354, 2.77997, 2.80743, 2.83595, 2.86558, 2.89636, 2.92834, 2.96158, 2.99612, 3.03204, 3.06938, 3.10823, 3.07844, 3.03692, 2.99704, 2.95872, 2.92189, 2.88648, 2.85242, 2.81966, 2.78814, 2.75781, 2.72861, 2.70051, 2.67346, 2.64742, 2.62235, 2.59822, 2.57498, 2.55261, 2.53108, 2.51035
10.1987, 10.1004, 0.119988, 0.999898, -1.95652e-05, -7.44726e-06, 0.0142777, 3.99563, 3.91898, 3.84591, 3.77617, 3.70958, 3.64594, 3.58508, 3.52685, 3.47109, 3.41768, 3.36648, 3.31738, 3.27027, 3.22506, 3.18164, 3.13994, 3.09986, 3.06134, 3.02431, 2.98869, 2.95443, 2.92146, 2.88974, 2.8592, 2.82982, 2.80152, 2.77429, 2.74806, 2.72282, 2.69852, 2.67512, 2.6526, 2.63093, 2.61007, 2.59001, 2.57071, 2.55215, 2.53431, 2.51717, 2.50071, 2.48491, 2.46975, 2.45521, 2.44127, 2.42793, 2.41517, 2.40298, 2.39133, 2.38022, 2.36964, 2.35958, 2.35002, 2.34097, 2.33239, 2.3243, 2.31668, 2.30953, 2.30283, 2.29659, 2.29079, 2.28543, 2.2805, 2.27601, 2.27194, 2.26829, 2.26507, 2.26226, 2.25986, 2.25787, 2.2563, 2.25513, 2.25437, 2.25401, 2.25407, 2.25452, 2.25539, 2.25666, 2.25834, 2.26043, 2.26294, 2.26585, 2.26919, 2.27294, 2.27712, 2.28172, 2.28676, 2.29223, 2.29814, 2.3045, 2.31132, 2.31859, 2.32633, 2.33454, 2.34324, 2.35242, 2.36211, 2.3723, 2.38301, 2.39426, 2.40604, 2.41838, 2.43129, 2.44478, 2.45887, 2.47356, 2.48889, 2.50486, 2.52149, 2.53881, 2.55683, 2.57557, 2.59507, 2.61533, 2.63639, 2.65828, 2.68102, 2.70465, 2.72919, 2.75468, 2.78116, 2.80866, 2.83723, 2.86691, 2.89774, 2.92977, 2.96307, 2.99767, 3.03365, 3.07105, 3.10996, 3.0766, 3.03516, 2.99535, 2.95709, 2.92032, 2.88497, 2.85097, 2.81827, 2.7868, 2.75652, 2.72737, 2.69932, 2.67231, 2.64632, 2.62129, 2.59719, 2.57399, 2.55166, 2.53016, 2.50947
10.1987, 10.1004, 0.119988, 0.999894, -1.89941e-05, -7.09718e-06, 0.0145705, 3.99223, 3.91575, 3.84282, 3.77323, 3.70677, 3.64325, 3.58251, 3.52439, 3.46874, 3.41542, 3.36431, 3.3153, 3.26828, 3.22315, 3.17981, 3.13817, 3.09817, 3.05972, 3.02274, 2.98719, 2.95298, 2.92007, 2.8884, 2.85792, 2.82858, 2.80033, 2.77314, 2.74696, 2.72176, 2.6975, 2.67414, 2.65166, 2.63002, 2.6092, 2.58917, 2.5699, 2.55137, 2.53357, 2.51646, 2.50002, 2.48425, 2.46911, 2.4546, 2.4407, 2.42738, 2.41465, 2.40247, 2.39085, 2.37977, 2.36921, 2.35917, 2.34963, 2.3406, 2.33205, 2.32398, 2.31638, 2.30924, 2.30257, 2.29634, 2.29056, 2.28522, 2.28031, 2.27584, 2.27179, 2.26816, 2.26495, 2.26216, 2.25978, 2.25781, 2.25625, 2.2551, 2.25436, 2.25402, 2.25409, 2.25457, 2.25545, 2.25674, 2.25844, 2.26055, 2.26307, 2.266, 2.26936, 2.27313, 2.27732, 2.28195, 2.287, 2.29249, 2.29843, 2.30481, 2.31164, 2.31893, 2.32669, 2.33493, 2.34364, 2.35285, 2.36256, 2.37277, 2.38351, 2.39478, 2.40659, 2.41895, 2.43189, 2.4454, 2.45951, 2.47424, 2.48959, 2.50559, 2.52225, 2.5396, 2.55765, 2.57643, 2.59595, 2.61625, 2.63735, 2.65927, 2.68205, 2.70572, 2.7303, 2.75583, 2.78236, 2.8099, 2.83852, 2.86825, 2.89913, 2.93122, 2.96457, 2.99923, 3.03527, 3.07274, 3.11172, 3.07476, 3.03339, 2.99365, 2.95546, 2.91875, 2.88346, 2.84952, 2.81687, 2.78545, 2.75522, 2.72613, 2.69812, 2.67116, 2.6452, 2.62022, 2.59616, 2.573, 2.5507, 2.52924, 2.50859
10.1986, 10.1004, 0.119995, 0.99989, -1.83313e-05, -1.34198e-05, 0.0148417, 3.9891, 3.91277, 3.83998, 3.77052, 3.70418, 3.64078, 3.58014, 3.52212, 3.46657, 3.41334, 3.36232, 3.31339, 3.26645, 3.22139, 3.17812, 3.13655, 3.09661, 3.05822, 3.02131, 2.9858, 2.95165, 2.91879, 2.88717, 2.85673, 2.82744, 2.79924, 2.77209, 2.74595, 2.72078, 2.69656, 2.67324, 2.65079, 2.62918, 2.60839, 2.58839, 2.56916, 2.55066, 2.53288, 2.5158, 2.4994, 2.48365, 2.46854, 2.45405, 2.44017, 2.42688, 2.41416, 2.40201, 2.39041, 2.37935, 2.36881, 2.35879, 2.34928, 2.34026, 2.33173, 2.32368, 2.3161, 2.30898, 2.30233, 2.29612, 2.29036, 2.28503, 2.28014, 2.27568, 2.27165, 2.26804, 2.26485, 2.26207, 2.25971, 2.25776, 2.25622, 2.25508, 2.25436, 2.25404, 2.25412, 2.25462, 2.25551, 2.25682, 2.25854, 2.26066, 2.2632, 2.26615, 2.26952, 2.27331, 2.27752, 2.28216, 2.28724, 2.29274, 2.2987, 2.30509, 2.31195, 2.31926, 2.32704, 2.33529, 2.34402, 2.35325, 2.36298, 2.37322, 2.38397, 2.39526, 2.40709, 2.41948, 2.43244, 2.44598, 2.46012, 2.47486, 2.49024, 2.50627, 2.52296, 2.54033, 2.55841, 2.57722, 2.59678, 2.61711, 2.63824, 2.6602, 2.68301, 2.70671, 2.73133, 2.75691, 2.78347, 2.81106, 2.83972, 2.86949, 2.90043, 2.93257, 2.96597, 3.00069, 3.03678, 3.07431, 3.11335, 3.07306, 3.03175, 2.99208, 2.95395, 2.9173, 2.88207, 2.84818, 2.81558, 2.78421, 2.75403, 2.72498, 2.69701, 2.67009, 2.64418, 2.61923, 2.59521, 2.57208, 2.54982, 2.5284, 2.50777
10.1986, 10.1004, 0.119994, 0.999886, -2.39237e-05, -5.5621e-06, 0.0151041, 3.98609, 3.90989, 3.83724, 3.7679, 3.70168, 3.63839, 3.57786, 3.51994, 3.46448, 3.41134, 3.3604, 3.31155, 3.26468, 3.21969, 3.17649, 3.13499, 3.09511, 3.05678, 3.01992, 2.98447, 2.95037, 2.91756, 2.88598, 2.85559, 2.82634, 2.79818, 2.77107, 2.74497, 2.71984, 2.69565, 2.67237, 2.64995, 2.62838, 2.60762, 2.58765, 2.56845, 2.54998, 2.53223, 2.51517, 2.49879, 2.48307, 2.46798, 2.45352, 2.43966, 2.42639, 2.4137, 2.40157, 2.38999, 2.37895, 2.36843, 2.35843, 2.34894, 2.33994, 2.33143, 2.3234, 2.31583, 2.30874, 2.3021, 2.29591, 2.29016, 2.28485, 2.27998, 2.27554, 2.27152, 2.26793, 2.26475, 2.26199, 2.25965, 2.25771, 2.25618, 2.25507, 2.25436, 2.25405, 2.25415, 2.25466, 2.25558, 2.2569, 2.25863, 2.26077, 2.26333, 2.26629, 2.26968, 2.27349, 2.27772, 2.28237, 2.28746, 2.29299, 2.29896, 2.30537, 2.31224, 2.31957, 2.32737, 2.33564, 2.3444, 2.35364, 2.36339, 2.37365, 2.38443, 2.39574, 2.40759, 2.42, 2.43298, 2.44654, 2.4607, 2.47548, 2.49088, 2.50693, 2.52365, 2.54105, 2.55916, 2.57799, 2.59758, 2.61794, 2.63911, 2.6611, 2.68395, 2.70768, 2.73234, 2.75795, 2.78455, 2.81219, 2.84089, 2.87071, 2.90168, 2.93387, 2.96732, 3.0021, 3.03824, 3.07583, 3.11436, 3.07142, 3.03018, 2.99056, 2.95249, 2.9159, 2.88072, 2.84688, 2.81433, 2.78301, 2.75287, 2.72387, 2.69594, 2.66906, 2.64319, 2.61827, 2.59429, 2.5712, 2.54897, 2.52758, 2.50699
10.1986, 10.1004, 0.119991, 0.999882, -1.75507e-05, -1.03506e-05, 0.0153488, 3.98328, 3.90722, 3.83469, 3.76546, 3.69935, 3.63617, 3.57574, 3.5179, 3.46253, 3.40947, 3.35861, 3.30984, 3.26304, 3.21812, 3.17498, 3.13354, 3.09371, 3.05543, 3.01863, 2.98323, 2.94918, 2.91641, 2.88488, 2.85453, 2.82532, 2.7972, 2.77013, 2.74406, 2.71897, 2.69481, 2.67156, 2.64917, 2.62763, 2.6069, 2.58696, 2.56778, 2.54934, 2.53162, 2.51458, 2.49823, 2.48253, 2.46746, 2.45302, 2.43919, 2.42594, 2.41327, 2.40116, 2.3896, 2.37858, 2.36808, 2.3581, 2.34862, 2.33964, 2.33115, 2.32313, 2.31559, 2.30851, 2.30188, 2.29571, 2.28998, 2.28469, 2.27983, 2.27541, 2.2714, 2.26783, 2.26467, 2.26192, 2.25959, 2.25767, 2.25616, 2.25506, 2.25436, 2.25407, 2.25419, 2.25471, 2.25564, 2.25698, 2.25872, 2.26088, 2.26345, 2.26643, 2.26983, 2.27365, 2.2779, 2.28257, 2.28768, 2.29322, 2.29921, 2.30564, 2.31252, 2.31987, 2.32768, 2.33597, 2.34475, 2.35401, 2.36378, 2.37405, 2.38485, 2.39618, 2.40806, 2.42049, 2.43349, 2.44707, 2.46125, 2.47605, 2.49148, 2.50755, 2.52429, 2.54172, 2.55986, 2.57872, 2.59834, 2.61873, 2.63992, 2.66194, 2.68482, 2.70859, 2.73328, 2.75893, 2.78557, 2.81324, 2.84198, 2.87184, 2.90287, 2.9351, 2.9686, 3.00342, 3.03962, 3.07726, 3.11277, 3.06989, 3.02871, 2.98915, 2.95114, 2.9146, 2.87947, 2.84568, 2.81317, 2.78189, 2.7518, 2.72283, 2.69495, 2.6681, 2.64226, 2.61738, 2.59343, 2.57037, 2.54818, 2.52681, 2.50625
10.1986, 10.1003, 0.119991, 0.999878, -1.70782e-05, -1.33052e-05, 0.0155887, 3.98054, 3.90461, 3.8322, 3.76309, 3.69709, 3.634, 3.57366, 3.51592, 3.46063, 3.40766, 3.35687, 3.30817, 3.26144, 3.21658, 3.1735, 3.13212, 3.09235, 3.05413, 3.01737, 2.98202, 2.94802, 2.9153, 2.88381, 2.8535, 2.82433, 2.79624, 2.76921, 2.74318, 2.71812, 2.69399, 2.67077, 2.64842, 2.62691, 2.60621, 2.58629, 2.56714, 2.54872, 2.53102, 2.51401, 2.49768, 2.482, 2.46696, 2.45254, 2.43873, 2.4255, 2.41285, 2.40076, 2.38922, 2.37822, 2.36774, 2.35778, 2.34832, 2.33936, 2.33088, 2.32288, 2.31535, 2.30829, 2.30168, 2.29552, 2.28981, 2.28453, 2.27969, 2.27528, 2.27129, 2.26773, 2.26458, 2.26185, 2.25954, 2.25763, 2.25614, 2.25505, 2.25437, 2.25409, 2.25422, 2.25476, 2.2557, 2.25706, 2.25882, 2.26099, 2.26357, 2.26657, 2.26999, 2.27382, 2.27808, 2.28277, 2.28789, 2.29345, 2.29945, 2.3059, 2.3128, 2.32017, 2.328, 2.3363, 2.34509, 2.35438, 2.36416, 2.37445, 2.38527, 2.39662, 2.40851, 2.42097, 2.43399, 2.44759, 2.4618, 2.47662, 2.49207, 2.50816, 2.52493, 2.54238, 2.56054, 2.57943, 2.59908, 2.6195, 2.64072, 2.66277, 2.68568, 2.70949, 2.73421, 2.75989, 2.78657, 2.81428, 2.84306, 2.87296, 2.90403, 2.9363, 2.96985, 3.00472, 3.04097, 3.07867, 3.11122, 3.0684, 3.02728, 2.98778, 2.94982, 2.91333, 2.87825, 2.8445, 2.81204, 2.78081, 2.75076, 2.72183, 2.69398, 2.66718, 2.64137, 2.61653, 2.59261, 2.56958, 2.54741, 2.52608, 2.50554
10.1985, 10.1003, 0.119991, 0.999875, -2.83104e-05, -1.04871e-05, 0.0158165, 3.97795, 3.90214, 3.82984, 3.76084, 3.69494, 3.63195, 3.5717, 3.51405, 3.45883, 3.40593, 3.35522, 3.30659, 3.25992, 3.21512, 3.1721, 3.13078, 3.09107, 3.05289, 3.01618, 2.98088, 2.94692, 2.91424, 2.88279, 2.85252, 2.82339, 2.79534, 2.76834, 2.74234, 2.71731, 2.69322, 2.67003, 2.6477, 2.62622, 2.60554, 2.58566, 2.56653, 2.54814, 2.53046, 2.51348, 2.49717, 2.48151, 2.46649, 2.45209, 2.4383, 2.42509, 2.41246, 2.40039, 2.38887, 2.37788, 2.36742, 2.35747, 2.34803, 2.33908, 2.33062, 2.32264, 2.31513, 2.30808, 2.30149, 2.29534, 2.28964, 2.28438, 2.27956, 2.27516, 2.27119, 2.26764, 2.26451, 2.26179, 2.25949, 2.2576, 2.25611, 2.25504, 2.25437, 2.25411, 2.25426, 2.25481, 2.25577, 2.25713, 2.25891, 2.26109, 2.26369, 2.2667, 2.27013, 2.27398, 2.27826, 2.28296, 2.2881, 2.29367, 2.29969, 2.30615, 2.31307, 2.32045, 2.32829, 2.33662, 2.34542, 2.35472, 2.36452, 2.37484, 2.38567, 2.39704, 2.40895, 2.42142, 2.43446, 2.44809, 2.46231, 2.47715, 2.49263, 2.50875, 2.52554, 2.54301, 2.5612, 2.58011, 2.59978, 2.62023, 2.64148, 2.66356, 2.6865, 2.71034, 2.73509, 2.76081, 2.78752, 2.81526, 2.84408, 2.87402, 2.90513, 2.93745, 2.97104, 3.00595, 3.04225, 3.08, 3.10974, 3.06698, 3.02592, 2.98647, 2.94856, 2.91212, 2.87709, 2.84339, 2.81097, 2.77978, 2.74976, 2.72087, 2.69306, 2.66629, 2.64052, 2.6157, 2.59182, 2.56882, 2.54668, 2.52537, 2.50486
10.1985, 10.1003, 0.119995, 0.999871, -1.7734e-05, -1.06903e-05, 0.0160329, 3.97548, 3.89979, 3.8276, 3.75871, 3.6929, 3.63, 3.56984, 3.51226, 3.45713, 3.4043, 3.35366, 3.30508, 3.25848, 3.21374, 3.17078, 3.1295, 3.08984, 3.05171, 3.01505, 2.97979, 2.94587, 2.91323, 2.88182, 2.85159, 2.82249, 2.79448, 2.76751, 2.74155, 2.71655, 2.69249, 2.66932, 2.64702, 2.62557, 2.60492, 2.58505, 2.56595, 2.54758, 2.52993, 2.51297, 2.49668, 2.48104, 2.46604, 2.45166, 2.43789, 2.4247, 2.41208, 2.40003, 2.38853, 2.37756, 2.36711, 2.35718, 2.34776, 2.33883, 2.33038, 2.32242, 2.31492, 2.30788, 2.30131, 2.29518, 2.28949, 2.28425, 2.27943, 2.27505, 2.27109, 2.26756, 2.26444, 2.26173, 2.25945, 2.25757, 2.2561, 2.25504, 2.25438, 2.25413, 2.25429, 2.25486, 2.25583, 2.25721, 2.25899, 2.26119, 2.2638, 2.26683, 2.27027, 2.27414, 2.27843, 2.28314, 2.28829, 2.29388, 2.29991, 2.30639, 2.31332, 2.32072, 2.32858, 2.33692, 2.34574, 2.35506, 2.36487, 2.3752, 2.38606, 2.39744, 2.40937, 2.42186, 2.43492, 2.44856, 2.46281, 2.47767, 2.49316, 2.50931, 2.52612, 2.54362, 2.56183, 2.58076, 2.60046, 2.62093, 2.64221, 2.66432, 2.68729, 2.71115, 2.73594, 2.76168, 2.78843, 2.81621, 2.84506, 2.87504, 2.90618, 2.93855, 2.97218, 3.00714, 3.04348, 3.08128, 3.10835, 3.06564, 3.02463, 2.98523, 2.94737, 2.91098, 2.87599, 2.84233, 2.80995, 2.7788, 2.74882, 2.71997, 2.69219, 2.66545, 2.63971, 2.61493, 2.59107, 2.5681, 2.54599, 2.52471, 2.50422
10.1985, 10.1003, 0.119995, 0.999868, -1.72212e-05, -8.9876e-06, 0.0162371, 3.97317, 3.89759, 3.8255, 3.7567, 3.69099, 3.62817, 3.56809, 3.51059, 3.45552, 3.40276, 3.35219, 3.30367, 3.25713, 3.21244, 3.16953, 3.12831, 3.08869, 3.05061, 3.01399, 2.97877, 2.94489, 2.91229, 2.88092, 2.85072, 2.82166, 2.79368, 2.76674, 2.7408, 2.71584, 2.6918, 2.66866, 2.64639, 2.62495, 2.60433, 2.58449, 2.56541, 2.54706, 2.52943, 2.51249, 2.49622, 2.4806, 2.46562, 2.45126, 2.4375, 2.42433, 2.41174, 2.3997, 2.38821, 2.37726, 2.36683, 2.35692, 2.34751, 2.33859, 2.33016, 2.32221, 2.31472, 2.3077, 2.30114, 2.29502, 2.28935, 2.28412, 2.27932, 2.27495, 2.271, 2.26748, 2.26437, 2.26168, 2.25941, 2.25754, 2.25608, 2.25504, 2.25439, 2.25416, 2.25433, 2.25491, 2.25589, 2.25728, 2.25908, 2.26129, 2.26392, 2.26695, 2.27041, 2.27429, 2.27859, 2.28332, 2.28848, 2.29408, 2.30013, 2.30662, 2.31357, 2.32098, 2.32885, 2.33721, 2.34604, 2.35537, 2.36521, 2.37555, 2.38642, 2.39782, 2.40977, 2.42228, 2.43535, 2.44902, 2.46328, 2.47816, 2.49367, 2.50984, 2.52667, 2.54419, 2.56242, 2.58138, 2.6011, 2.6216, 2.6429, 2.66503, 2.68803, 2.71192, 2.73674, 2.76251, 2.78929, 2.8171, 2.84599, 2.876, 2.90718, 2.93958, 2.97325, 3.00826, 3.04464, 3.08249, 3.10703, 3.06438, 3.02342, 2.98407, 2.94626, 2.90991, 2.87495, 2.84134, 2.809, 2.77788, 2.74794, 2.71912, 2.69137, 2.66466, 2.63895, 2.6142, 2.59037, 2.56742, 2.54534, 2.52408, 2.50362
10.1985, 10.1003, 0.119997, 0.999865, -1.88317e-05, -9.33917e-06, 0.0164343, 3.97094, 3.89546, 3.82348, 3.75477, 3.68914, 3.6264, 3.5664, 3.50897, 3.45398, 3.40128, 3.35077, 3.30231, 3.25582, 3.21119, 3.16833, 3.12715, 3.08758, 3.04955, 3.01297, 2.97779, 2.94395, 2.91138, 2.88005, 2.84988, 2.82085, 2.7929, 2.76599, 2.74008, 2.71514, 2.69113, 2.66802, 2.64577, 2.62436, 2.60376, 2.58395, 2.56489, 2.54656, 2.52895, 2.51203, 2.49578, 2.48018, 2.46522, 2.45088, 2.43713, 2.42398, 2.4114, 2.39938, 2.38791, 2.37697, 2.36656, 2.35666, 2.34726, 2.33836, 2.32994, 2.322, 2.31454, 2.30753, 2.30098, 2.29487, 2.28922, 2.284, 2.27921, 2.27485, 2.27092, 2.26741, 2.26431, 2.26164, 2.25937, 2.25752, 2.25607, 2.25503, 2.2544, 2.25418, 2.25436, 2.25495, 2.25595, 2.25735, 2.25916, 2.26139, 2.26402, 2.26707, 2.27054, 2.27443, 2.27875, 2.28349, 2.28867, 2.29428, 2.30034, 2.30684, 2.3138, 2.32123, 2.32912, 2.33748, 2.34634, 2.35568, 2.36553, 2.37589, 2.38677, 2.39819, 2.41016, 2.42268, 2.43577, 2.44945, 2.46373, 2.47863, 2.49416, 2.51035, 2.5272, 2.54474, 2.56299, 2.58198, 2.60172, 2.62224, 2.64356, 2.66572, 2.68875, 2.71267, 2.73751, 2.76332, 2.79012, 2.81796, 2.84689, 2.87693, 2.90815, 2.94059, 2.9743, 3.00934, 3.04577, 3.08366, 3.10576, 3.06316, 3.02225, 2.98294, 2.94518, 2.90887, 2.87396, 2.84038, 2.80807, 2.77699, 2.74708, 2.71829, 2.69058, 2.6639, 2.63822, 2.61349, 2.58969, 2.56677, 2.54471, 2.52347, 2.50304
10.1984, 10.1003, 0.119991, 0.999862, -2.10098e-05, -1.41166e-05, 0.0166239, 3.9688, 3.89343, 3.82154, 3.75292, 3.68737, 3.62472, 3.56479, 3.50743, 3.4525, 3.39987, 3.34941, 3.30101, 3.25458, 3.21, 3.16718, 3.12605, 3.08653, 3.04853, 3.01199, 2.97685, 2.94305, 2.91052, 2.87921, 2.84908, 2.82008, 2.79216, 2.76528, 2.7394, 2.71449, 2.6905, 2.66741, 2.64519, 2.6238, 2.60322, 2.58343, 2.56439, 2.54608, 2.52849, 2.51159, 2.49536, 2.47978, 2.46483, 2.45051, 2.43678, 2.42365, 2.41108, 2.39908, 2.38762, 2.3767, 2.3663, 2.35641, 2.34703, 2.33814, 2.32974, 2.32181, 2.31436, 2.30736, 2.30082, 2.29474, 2.28909, 2.28388, 2.27911, 2.27476, 2.27084, 2.26734, 2.26426, 2.26159, 2.25934, 2.2575, 2.25606, 2.25504, 2.25442, 2.25421, 2.2544, 2.255, 2.25601, 2.25742, 2.25925, 2.26148, 2.26413, 2.26719, 2.27067, 2.27457, 2.2789, 2.28366, 2.28885, 2.29447, 2.30054, 2.30706, 2.31403, 2.32147, 2.32937, 2.33775, 2.34662, 2.35598, 2.36584, 2.37622, 2.38712, 2.39855, 2.41053, 2.42307, 2.43618, 2.44988, 2.46418, 2.47909, 2.49464, 2.51084, 2.52772, 2.54528, 2.56355, 2.58255, 2.60232, 2.62286, 2.64421, 2.66639, 2.68944, 2.71339, 2.73826, 2.76409, 2.79093, 2.8188, 2.84775, 2.87783, 2.90908, 2.94155, 2.9753, 3.01038, 3.04685, 3.08478, 3.10455, 3.06199, 3.02113, 2.98187, 2.94414, 2.90787, 2.873, 2.83946, 2.80719, 2.77614, 2.74626, 2.71751, 2.68982, 2.66317, 2.63752, 2.61282, 2.58904, 2.56614, 2.54411, 2.5229, 2.50248
10.1984, 10.1003, 0.119995, 0.999859, -1.67937e-05, -8.78816e-06, 0.0167843, 3.96701, 3.89172, 3.81991, 3.75136, 3.68588, 3.6233, 3.56343, 3.50613, 3.45126, 3.39868, 3.34827, 3.29992, 3.25353, 3.20899, 3.16622, 3.12513, 3.08564, 3.04768, 3.01117, 2.97607, 2.94229, 2.90979, 2.87851, 2.84841, 2.81943, 2.79154, 2.76468, 2.73883, 2.71393, 2.68997, 2.6669, 2.6447, 2.62333, 2.60277, 2.583, 2.56397, 2.54569, 2.52811, 2.51122, 2.49501, 2.47944, 2.46451, 2.4502, 2.43649, 2.42337, 2.41082, 2.39883, 2.38738, 2.37647, 2.36608, 2.35621, 2.34684, 2.33797, 2.32957, 2.32166, 2.31421, 2.30723, 2.3007, 2.29462, 2.28899, 2.28379, 2.27903, 2.27469, 2.27078, 2.26729, 2.26422, 2.26156, 2.25932, 2.25748, 2.25606, 2.25505, 2.25444, 2.25423, 2.25444, 2.25505, 2.25606, 2.25749, 2.25932, 2.26157, 2.26423, 2.2673, 2.27079, 2.2747, 2.27904, 2.2838, 2.289, 2.29464, 2.30072, 2.30725, 2.31423, 2.32168, 2.3296, 2.33799, 2.34687, 2.35624, 2.36611, 2.3765, 2.38741, 2.39886, 2.41085, 2.4234, 2.43653, 2.45024, 2.46455, 2.47949, 2.49505, 2.51127, 2.52816, 2.54574, 2.56403, 2.58305, 2.60283, 2.62339, 2.64476, 2.66697, 2.69004, 2.714, 2.7389, 2.76475, 2.79161, 2.81951, 2.84849, 2.8786, 2.90988, 2.94238, 2.97616, 3.01127, 3.04778, 3.08575, 3.10352, 3.06101, 3.02019, 2.98096, 2.94327, 2.90704, 2.8722, 2.83869, 2.80645, 2.77543, 2.74558, 2.71684, 2.68919, 2.66256, 2.63693, 2.61225, 2.58849, 2.56562, 2.5436, 2.52241, 2.50202
10.1984, 10.1003, 0.119991, 0.999856, -2.6498e-05, -9.75918e-06, 0.016944, 3.96523, 3.89002, 3.81829, 3.74982, 3.68441, 3.62189, 3.56208, 3.50484, 3.45002, 3.3975, 3.34714, 3.29884, 3.25249, 3.20799, 3.16526, 3.12421, 3.08476, 3.04683, 3.01036, 2.97528, 2.94154, 2.90907, 2.87782, 2.84774, 2.81879, 2.79092, 2.76409, 2.73826, 2.71339, 2.68945, 2.6664, 2.64422, 2.62287, 2.60233, 2.58257, 2.56356, 2.54529, 2.52773, 2.51086, 2.49466, 2.47911, 2.4642, 2.4499, 2.4362, 2.42309, 2.41056, 2.39858, 2.38715, 2.37625, 2.36587, 2.35601, 2.34665, 2.33779, 2.32941, 2.32151, 2.31407, 2.3071, 2.30058, 2.29451, 2.28889, 2.2837, 2.27895, 2.27462, 2.27072, 2.26724, 2.26418, 2.26153, 2.2593, 2.25747, 2.25606, 2.25505, 2.25445, 2.25426, 2.25448, 2.2551, 2.25612, 2.25756, 2.2594, 2.26165, 2.26432, 2.2674, 2.27091, 2.27483, 2.27917, 2.28395, 2.28916, 2.29481, 2.3009, 2.30744, 2.31443, 2.32189, 2.32982, 2.33822, 2.34711, 2.3565, 2.36638, 2.37678, 2.38771, 2.39917, 2.41117, 2.42374, 2.43688, 2.4506, 2.46493, 2.47988, 2.49546, 2.51169, 2.5286, 2.54619, 2.5645, 2.58354, 2.60334, 2.62392, 2.64531, 2.66754, 2.69063, 2.71462, 2.73953, 2.76542, 2.7923, 2.82022, 2.84923, 2.87936, 2.91067, 2.94321, 2.97702, 3.01216, 3.0487, 3.0867, 3.10251, 3.06003, 3.01925, 2.98006, 2.94241, 2.90621, 2.8714, 2.83792, 2.80571, 2.77472, 2.74489, 2.71619, 2.68855, 2.66195, 2.63634, 2.61169, 2.58795, 2.5651, 2.5431, 2.52193, 2.50155
10.1984, 10.1003, 0.119995, 0.999854, -1.6558e-05, -8.74037e-06, 0.0171026, 3.96345, 3.88833, 3.81668, 3.74828, 3.68294, 3.62048, 3.56074, 3.50356, 3.4488, 3.39632, 3.34601, 3.29776, 3.25145, 3.207, 3.16431, 3.12329, 3.08388, 3.04599, 3.00955, 2.97451, 2.94079, 2.90835, 2.87713, 2.84708, 2.81816, 2.79031, 2.7635, 2.73769, 2.71284, 2.68892, 2.6659, 2.64373, 2.6224, 2.60188, 2.58214, 2.56315, 2.5449, 2.52735, 2.5105, 2.49432, 2.47878, 2.46388, 2.4496, 2.43592, 2.42282, 2.4103, 2.39833, 2.38691, 2.37602, 2.36566, 2.35581, 2.34647, 2.33761, 2.32924, 2.32135, 2.31393, 2.30697, 2.30046, 2.2944, 2.28879, 2.28361, 2.27887, 2.27455, 2.27066, 2.26719, 2.26414, 2.2615, 2.25928, 2.25746, 2.25606, 2.25506, 2.25447, 2.25429, 2.25451, 2.25514, 2.25618, 2.25762, 2.25948, 2.26174, 2.26442, 2.26751, 2.27102, 2.27495, 2.27931, 2.2841, 2.28932, 2.29497, 2.30107, 2.30763, 2.31463, 2.3221, 2.33004, 2.33846, 2.34736, 2.35675, 2.36665, 2.37706, 2.388, 2.39947, 2.41149, 2.42407, 2.43723, 2.45097, 2.46531, 2.48027, 2.49587, 2.51212, 2.52904, 2.54665, 2.56497, 2.58403, 2.60385, 2.62445, 2.64586, 2.66811, 2.69122, 2.71523, 2.74017, 2.76607, 2.79298, 2.82093, 2.84996, 2.88013, 2.91146, 2.94403, 2.97787, 3.01305, 3.04962, 3.08766, 3.1015, 3.05907, 3.01832, 2.97917, 2.94155, 2.90538, 2.8706, 2.83715, 2.80498, 2.77401, 2.74421, 2.71553, 2.68793, 2.66135, 2.63576, 2.61113, 2.58741, 2.56458, 2.5426, 2.52145, 2.50109
10.1983, 10.1003, 0.119991, 0.999851, -2.62615e-05, -9.71851e-06, 0.0172618, 3.96168, 3.88664, 3.81507, 3.74674, 3.68148, 3.61908, 3.5594, 3.50228, 3.44757, 3.39515, 3.34489, 3.29668, 3.25042, 3.20601, 3.16336, 3.12238, 3.083, 3.04515, 3.00874, 2.97373, 2.94004, 2.90763, 2.87644, 2.84642, 2.81752, 2.7897, 2.76291, 2.73713, 2.7123, 2.6884, 2.66539, 2.64325, 2.62194, 2.60144, 2.58171, 2.56274, 2.54451, 2.52698, 2.51014, 2.49397, 2.47845, 2.46357, 2.4493, 2.43563, 2.42255, 2.41004, 2.39808, 2.38668, 2.3758, 2.36545, 2.35562, 2.34628, 2.33744, 2.32908, 2.3212, 2.31379, 2.30684, 2.30034, 2.29429, 2.28869, 2.28352, 2.27879, 2.27448, 2.2706, 2.26714, 2.2641, 2.26147, 2.25926, 2.25745, 2.25606, 2.25507, 2.25449, 2.25432, 2.25455, 2.25519, 2.25624, 2.25769, 2.25955, 2.26183, 2.26451, 2.26762, 2.27114, 2.27508, 2.27945, 2.28424, 2.28947, 2.29514, 2.30125, 2.30782, 2.31483, 2.32231, 2.33026, 2.33869, 2.3476, 2.35701, 2.36692, 2.37735, 2.3883, 2.39978, 2.41181, 2.42441, 2.43757, 2.45133, 2.46569, 2.48066, 2.49627, 2.51254, 2.52948, 2.54711, 2.56545, 2.58453, 2.60436, 2.62498, 2.64641, 2.66868, 2.69181, 2.71584, 2.7408, 2.76673, 2.79367, 2.82164, 2.8507, 2.88089, 2.91226, 2.94485, 2.97872, 3.01393, 3.05054, 3.08862, 3.10048, 3.05809, 3.01738, 2.97827, 2.94069, 2.90455, 2.86981, 2.83639, 2.80424, 2.7733, 2.74353, 2.71488, 2.68729, 2.66074, 2.63518, 2.61056, 2.58687, 2.56406, 2.5421, 2.52097, 2.50063
10.1983, 10.1003, 0.119995, 0.999848, -1.63082e-05, -8.71547e-06, 0.0174199, 3.95991, 3.88496, 3.81346, 3.74521, 3.68001, 3.61769, 3.55807, 3.501, 3.44635, 3.39398, 3.34377, 3.29561, 3.24939, 3.20502, 3.16241, 3.12147, 3.08213, 3.04431, 3.00794, 2.97295, 2.9393, 2.90692, 2.87575, 2.84576, 2.81688, 2.78909, 2.76233, 2.73656, 2.71176, 2.68788, 2.66489, 2.64277, 2.62148, 2.60099, 2.58129, 2.56234, 2.54412, 2.5266, 2.50978, 2.49363, 2.47812, 2.46325, 2.449, 2.43534, 2.42227, 2.40978, 2.39784, 2.38644, 2.37558, 2.36524, 2.35542, 2.34609, 2.33726, 2.32892, 2.32105, 2.31365, 2.3067, 2.30022, 2.29418, 2.28859, 2.28343, 2.27871, 2.27441, 2.27054, 2.26709, 2.26406, 2.26144, 2.25924, 2.25744, 2.25606, 2.25508, 2.25451, 2.25435, 2.25459, 2.25524, 2.25629, 2.25776, 2.25963, 2.26191, 2.26461, 2.26772, 2.27125, 2.2752, 2.27958, 2.28439, 2.28963, 2.29531, 2.30143, 2.308, 2.31503, 2.32252, 2.33048, 2.33892, 2.34785, 2.35727, 2.36719, 2.37763, 2.38859, 2.40009, 2.41213, 2.42474, 2.43792, 2.45169, 2.46606, 2.48105, 2.49668, 2.51296, 2.52992, 2.54756, 2.56592, 2.58502, 2.60487, 2.62551, 2.64696, 2.66924, 2.6924, 2.71645, 2.74144, 2.76739, 2.79435, 2.82235, 2.85143, 2.88165, 2.91305, 2.94567, 2.97957, 3.01482, 3.05146, 3.08957, 3.09948, 3.05713, 3.01646, 2.97738, 2.93983, 2.90373, 2.86902, 2.83563, 2.80351, 2.7726, 2.74286, 2.71423, 2.68667, 2.66014, 2.6346, 2.61001, 2.58634, 2.56355, 2.54161, 2.52049, 2.50017
10.1983, 10.1003, 0.119991, 0.999845, -1.9646e-05, -1.41355e-05, 0.0175809, 3.95812, 3.88325, 3.81184, 3.74366, 3.67853, 3.61627, 3.55671, 3.49971, 3.44511, 3.39279, 3.34263, 3.29452, 3.24834, 3.20402, 3.16145, 3.12055, 3.08124, 3.04346, 3.00712, 2.97217, 2.93855, 2.90619, 2.87506, 2.84509, 2.81624, 2.78847, 2.76173, 2.73599, 2.71121, 2.68735, 2.66439, 2.64228, 2.62101, 2.60055, 2.58086, 2.56192, 2.54372, 2.52622, 2.50942, 2.49328, 2.47779, 2.46293, 2.44869, 2.43505, 2.422, 2.40951, 2.39759, 2.3862, 2.37536, 2.36503, 2.35522, 2.34591, 2.33709, 2.32875, 2.32089, 2.3135, 2.30657, 2.3001, 2.29407, 2.28849, 2.28334, 2.27863, 2.27434, 2.27048, 2.26704, 2.26402, 2.26141, 2.25922, 2.25743, 2.25606, 2.25509, 2.25453, 2.25438, 2.25463, 2.25529, 2.25635, 2.25782, 2.25971, 2.262, 2.26471, 2.26783, 2.27137, 2.27533, 2.27972, 2.28454, 2.28979, 2.29548, 2.30161, 2.3082, 2.31524, 2.32274, 2.33071, 2.33916, 2.3481, 2.35753, 2.36746, 2.37791, 2.38889, 2.4004, 2.41246, 2.42508, 2.43828, 2.45206, 2.46645, 2.48145, 2.4971, 2.51339, 2.53036, 2.54803, 2.5664, 2.58552, 2.60539, 2.62605, 2.64752, 2.66982, 2.693, 2.71707, 2.74208, 2.76806, 2.79504, 2.82307, 2.85218, 2.88243, 2.91385, 2.9465, 2.98044, 3.01572, 3.0524, 3.09054, 3.09846, 3.05615, 3.01552, 2.97648, 2.93896, 2.9029, 2.86822, 2.83486, 2.80277, 2.77189, 2.74217, 2.71357, 2.68603, 2.65953, 2.63401, 2.60944, 2.58579, 2.56302, 2.5411, 2.52001, 2.4997
10.1983, 10.1002, 0.119991, 0.999843, -2.17959e-05, -1.25578e-05, 0.0177445, 3.95631, 3.88152, 3.81018, 3.74208, 3.67703, 3.61483, 3.55534, 3.49839, 3.44385, 3.39158, 3.34147, 3.29341, 3.24728, 3.203, 3.16047, 3.11961, 3.08034, 3.04259, 3.00629, 2.97137, 2.93778, 2.90546, 2.87435, 2.84441, 2.81558, 2.78784, 2.76113, 2.73541, 2.71065, 2.68681, 2.66387, 2.64179, 2.62054, 2.60009, 2.58042, 2.5615, 2.54332, 2.52584, 2.50905, 2.49293, 2.47745, 2.46261, 2.44839, 2.43476, 2.42172, 2.40925, 2.39733, 2.38596, 2.37513, 2.36482, 2.35501, 2.34571, 2.33691, 2.32858, 2.32074, 2.31336, 2.30644, 2.29997, 2.29396, 2.28839, 2.28325, 2.27855, 2.27427, 2.27042, 2.26699, 2.26398, 2.26138, 2.2592, 2.25742, 2.25606, 2.2551, 2.25455, 2.25441, 2.25467, 2.25534, 2.25641, 2.25789, 2.25979, 2.26209, 2.26481, 2.26794, 2.27149, 2.27546, 2.27986, 2.28469, 2.28995, 2.29565, 2.3018, 2.30839, 2.31544, 2.32296, 2.33094, 2.3394, 2.34835, 2.35779, 2.36774, 2.37821, 2.38919, 2.40072, 2.41279, 2.42543, 2.43864, 2.45243, 2.46684, 2.48186, 2.49752, 2.51383, 2.53082, 2.5485, 2.56689, 2.58602, 2.60592, 2.62659, 2.64808, 2.67041, 2.69361, 2.71771, 2.74274, 2.76874, 2.79575, 2.8238, 2.85294, 2.88321, 2.91467, 2.94735, 2.98132, 3.01663, 3.05335, 3.09153, 3.09742, 3.05515, 3.01456, 2.97556, 2.93808, 2.90205, 2.8674, 2.83407, 2.80201, 2.77116, 2.74147, 2.7129, 2.68539, 2.65891, 2.63341, 2.60887, 2.58524, 2.56249, 2.54059, 2.51951, 2.49923
10.1982, 10.1002, 0.119991, 0.99984, -1.46038e-05, -1.14598e-05, 0.017912, 3.95444, 3.87975, 3.80849, 3.74047, 3.67549, 3.61336, 3.55393, 3.49704, 3.44256, 3.39035, 3.34029, 3.29227, 3.2462, 3.20196, 3.15947, 3.11865, 3.07942, 3.0417, 3.00544, 2.97055, 2.93699, 2.9047, 2.87362, 2.84371, 2.81491, 2.78719, 2.76051, 2.73481, 2.71008, 2.68626, 2.66334, 2.64128, 2.62005, 2.59962, 2.57997, 2.56107, 2.5429, 2.52544, 2.50867, 2.49256, 2.4771, 2.46228, 2.44807, 2.43446, 2.42143, 2.40897, 2.39707, 2.38572, 2.37489, 2.36459, 2.35481, 2.34552, 2.33672, 2.32841, 2.32058, 2.31321, 2.3063, 2.29985, 2.29384, 2.28828, 2.28316, 2.27846, 2.2742, 2.27036, 2.26694, 2.26394, 2.26135, 2.25918, 2.25741, 2.25606, 2.25511, 2.25457, 2.25443, 2.25471, 2.25539, 2.25647, 2.25796, 2.25987, 2.26218, 2.26491, 2.26805, 2.27161, 2.2756, 2.28001, 2.28484, 2.29012, 2.29583, 2.30198, 2.30859, 2.31565, 2.32318, 2.33117, 2.33965, 2.34861, 2.35807, 2.36803, 2.3785, 2.3895, 2.40104, 2.41313, 2.42578, 2.439, 2.45282, 2.46723, 2.48227, 2.49795, 2.51428, 2.53128, 2.54898, 2.56739, 2.58654, 2.60646, 2.62715, 2.64866, 2.67101, 2.69423, 2.71835, 2.74341, 2.76944, 2.79647, 2.82455, 2.85372, 2.88402, 2.91551, 2.94822, 2.98222, 3.01757, 3.05432, 3.09254, 3.09636, 3.05414, 3.01358, 2.97462, 2.93718, 2.90118, 2.86657, 2.83327, 2.80124, 2.77042, 2.74076, 2.71221, 2.68473, 2.65827, 2.6328, 2.60828, 2.58467, 2.56195, 2.54007, 2.51901, 2.49875
10.1982, 10.1002, 0.119995, 0.999837, -1.5647e-05, -9.98209e-06, 0.0180789, 3.95259, 3.87798, 3.80681, 3.73887, 3.67395, 3.6119, 3.55253, 3.49571, 3.44128, 3.38912, 3.33912, 3.29115, 3.24511, 3.20092, 3.15848, 3.1177, 3.0785, 3.04082, 3.00459, 2.96974, 2.93621, 2.90395, 2.8729, 2.84302, 2.81425, 2.78655, 2.75989, 2.73422, 2.70951, 2.68572, 2.66282, 2.64078, 2.61956, 2.59916, 2.57952, 2.56064, 2.54249, 2.52505, 2.50829, 2.4922, 2.47676, 2.46195, 2.44775, 2.43416, 2.42114, 2.4087, 2.39681, 2.38547, 2.37466, 2.36437, 2.3546, 2.34532, 2.33654, 2.32824, 2.32042, 2.31306, 2.30616, 2.29972, 2.29373, 2.28818, 2.28306, 2.27838, 2.27413, 2.2703, 2.26689, 2.2639, 2.26132, 2.25916, 2.2574, 2.25606, 2.25512, 2.25459, 2.25447, 2.25475, 2.25544, 2.25653, 2.25804, 2.25995, 2.26227, 2.26501, 2.26816, 2.27174, 2.27573, 2.28015, 2.285, 2.29028, 2.29601, 2.30217, 2.30879, 2.31586, 2.3234, 2.33141, 2.3399, 2.34887, 2.35834, 2.36831, 2.3788, 2.38982, 2.40137, 2.41347, 2.42613, 2.43937, 2.4532, 2.46763, 2.48269, 2.49838, 2.51472, 2.53175, 2.54946, 2.56789, 2.58706, 2.60699, 2.62771, 2.64924, 2.67161, 2.69486, 2.719, 2.74408, 2.77013, 2.79719, 2.8253, 2.8545, 2.88483, 2.91634, 2.94909, 2.98312, 3.01851, 3.05529, 3.09355, 3.0953, 3.05312, 3.01261, 2.97369, 2.93628, 2.90032, 2.86574, 2.83248, 2.80048, 2.76969, 2.74005, 2.71153, 2.68407, 2.65764, 2.63219, 2.60769, 2.58411, 2.5614, 2.53955, 2.51851, 2.49827
10.1982, 10.1002, 0.119995, 0.999833, -2.00952e-05, -4.35415e-06, 0.018264, 3.95053, 3.87602, 3.80494, 3.73708, 3.67225, 3.61027, 3.55097, 3.49421, 3.43985, 3.38775, 3.3378, 3.28989, 3.24391, 3.19976, 3.15737, 3.11663, 3.07748, 3.03984, 3.00365, 2.96883, 2.93534, 2.90311, 2.8721, 2.84224, 2.8135, 2.78584, 2.7592, 2.73356, 2.70887, 2.68511, 2.66223, 2.64021, 2.61902, 2.59864, 2.57903, 2.56017, 2.54203, 2.52461, 2.50787, 2.4918, 2.47637, 2.46158, 2.4474, 2.43382, 2.42082, 2.4084, 2.39652, 2.3852, 2.3744, 2.36413, 2.35437, 2.34511, 2.33634, 2.32805, 2.32024, 2.31289, 2.30601, 2.29958, 2.2936, 2.28806, 2.28296, 2.27829, 2.27405, 2.27023, 2.26683, 2.26385, 2.26129, 2.25913, 2.25739, 2.25606, 2.25513, 2.25461, 2.2545, 2.25479, 2.25549, 2.2566, 2.25811, 2.26004, 2.26237, 2.26512, 2.26829, 2.27187, 2.27588, 2.28031, 2.28517, 2.29047, 2.2962, 2.30238, 2.30901, 2.3161, 2.32365, 2.33167, 2.34017, 2.34916, 2.35864, 2.36863, 2.37913, 2.39016, 2.40173, 2.41384, 2.42652, 2.43978, 2.45362, 2.46807, 2.48314, 2.49885, 2.51522, 2.53226, 2.55, 2.56845, 2.58764, 2.60759, 2.62833, 2.64989, 2.67228, 2.69555, 2.71972, 2.74483, 2.77091, 2.79799, 2.82613, 2.85536, 2.88572, 2.91727, 2.95005, 2.98413, 3.01955, 3.05637, 3.09467, 3.09413, 3.05199, 3.01152, 2.97265, 2.93528, 2.89936, 2.86481, 2.83159, 2.79962, 2.76886, 2.73926, 2.71077, 2.68334, 2.65693, 2.63151, 2.60704, 2.58348, 2.5608, 2.53896, 2.51795, 2.49773
10.1981, 10.1002, 0.119991, 0.99983, -2.05674e-05, -1.23194e-05, 0.0184488, 3.94848, 3.87406, 3.80307, 3.7353, 3.67055, 3.60864, 3.54942, 3.49273, 3.43843, 3.38639, 3.3365, 3.28864, 3.24271, 3.19861, 3.15626, 3.11557, 3.07646, 3.03887, 3.00271, 2.96793, 2.93447, 2.90228, 2.8713, 2.84147, 2.81276, 2.78513, 2.75852, 2.7329, 2.70824, 2.6845, 2.66165, 2.63965, 2.61849, 2.59812, 2.57853, 2.55969, 2.54158, 2.52417, 2.50745, 2.4914, 2.47599, 2.46121, 2.44705, 2.43349, 2.4205, 2.40809, 2.39624, 2.38492, 2.37414, 2.36388, 2.35413, 2.34489, 2.33613, 2.32786, 2.32006, 2.31273, 2.30586, 2.29944, 2.29347, 2.28794, 2.28285, 2.2782, 2.27396, 2.27016, 2.26677, 2.2638, 2.26125, 2.25911, 2.25738, 2.25605, 2.25514, 2.25463, 2.25453, 2.25483, 2.25555, 2.25666, 2.25819, 2.26013, 2.26247, 2.26523, 2.26841, 2.27201, 2.27602, 2.28047, 2.28534, 2.29065, 2.29639, 2.30259, 2.30923, 2.31633, 2.32389, 2.33193, 2.34044, 2.34944, 2.35894, 2.36894, 2.37946, 2.3905, 2.40209, 2.41422, 2.42691, 2.44018, 2.45404, 2.46851, 2.4836, 2.49933, 2.51571, 2.53277, 2.55053, 2.569, 2.58821, 2.60819, 2.62895, 2.65053, 2.67295, 2.69624, 2.72043, 2.74557, 2.77167, 2.79879, 2.82696, 2.85622, 2.88661, 2.9182, 2.95101, 2.98512, 3.02058, 3.05745, 3.09579, 3.09296, 3.05087, 3.01045, 2.97161, 2.93429, 2.8984, 2.8639, 2.8307, 2.79877, 2.76805, 2.73847, 2.71001, 2.68261, 2.65624, 2.63084, 2.60639, 2.58286, 2.5602, 2.53839, 2.5174, 2.4972
10.1981, 10.1002, 0.119995, 0.999826, -1.5028e-05, -9.93065e-06, 0.0186332, 3.94644, 3.87212, 3.80122, 3.73353, 3.66886, 3.60703, 3.54787, 3.49125, 3.43701, 3.38504, 3.3352, 3.28739, 3.24152, 3.19747, 3.15516, 3.11451, 3.07545, 3.03789, 3.00177, 2.96703, 2.93361, 2.90145, 2.8705, 2.8407, 2.81203, 2.78442, 2.75784, 2.73225, 2.70761, 2.68389, 2.66107, 2.63909, 2.61795, 2.5976, 2.57803, 2.55921, 2.54112, 2.52374, 2.50703, 2.491, 2.47561, 2.46085, 2.4467, 2.43315, 2.42019, 2.40779, 2.39595, 2.38465, 2.37388, 2.36364, 2.3539, 2.34467, 2.33593, 2.32767, 2.31988, 2.31256, 2.3057, 2.2993, 2.29334, 2.28783, 2.28275, 2.2781, 2.27388, 2.27009, 2.26671, 2.26376, 2.26121, 2.25908, 2.25736, 2.25605, 2.25515, 2.25465, 2.25456, 2.25488, 2.2556, 2.25673, 2.25827, 2.26021, 2.26257, 2.26534, 2.26853, 2.27214, 2.27617, 2.28062, 2.28551, 2.29083, 2.29659, 2.30279, 2.30945, 2.31656, 2.32414, 2.33218, 2.34071, 2.34973, 2.35924, 2.36925, 2.37979, 2.39084, 2.40244, 2.41459, 2.4273, 2.44059, 2.45447, 2.46895, 2.48406, 2.4998, 2.51621, 2.53328, 2.55106, 2.56955, 2.58878, 2.60878, 2.62956, 2.65116, 2.67361, 2.69693, 2.72115, 2.74631, 2.77244, 2.79959, 2.82778, 2.85707, 2.8875, 2.91912, 2.95197, 2.98612, 3.02161, 3.05852, 3.09691, 3.09179, 3.04975, 3.00937, 2.97058, 2.93329, 2.89745, 2.86298, 2.82982, 2.79792, 2.76723, 2.73769, 2.70926, 2.68189, 2.65554, 2.63017, 2.60575, 2.58224, 2.5596, 2.53781, 2.51684, 2.49666
10.1981, 10.1002, 0.119995, 0.999823, -1.93167e-05, -4.21388e-06, 0.0188173, 3.94441, 3.87018, 3.79937, 3.73177, 3.66717, 3.60542, 3.54634, 3.48978, 3.43561, 3.38369, 3.33391, 3.28616, 3.24033, 3.19633, 3.15407, 3.11347, 3.07444, 3.03692, 3.00084, 2.96614, 2.93275, 2.90062, 2.8697, 2.83994, 2.81129, 2.78371, 2.75716, 2.7316, 2.70699, 2.68329, 2.66049, 2.63854, 2.61742, 2.59709, 2.57754, 2.55874, 2.54067, 2.5233, 2.50662, 2.4906, 2.47523, 2.46049, 2.44636, 2.43282, 2.41987, 2.40749, 2.39566, 2.38438, 2.37363, 2.3634, 2.35368, 2.34446, 2.33573, 2.32748, 2.31971, 2.3124, 2.30555, 2.29916, 2.29322, 2.28771, 2.28265, 2.27801, 2.27381, 2.27002, 2.26666, 2.26371, 2.26118, 2.25906, 2.25735, 2.25605, 2.25516, 2.25468, 2.2546, 2.25492, 2.25566, 2.2568, 2.25835, 2.2603, 2.26267, 2.26546, 2.26866, 2.27228, 2.27632, 2.28078, 2.28568, 2.29101, 2.29678, 2.303, 2.30967, 2.31679, 2.32438, 2.33244, 2.34098, 2.35001, 2.35954, 2.36957, 2.38011, 2.39119, 2.4028, 2.41496, 2.42769, 2.44099, 2.45489, 2.46939, 2.48451, 2.50028, 2.5167, 2.5338, 2.55159, 2.5701, 2.58936, 2.60938, 2.63018, 2.65181, 2.67427, 2.69761, 2.72186, 2.74705, 2.77321, 2.80038, 2.82861, 2.85793, 2.88839, 2.92004, 2.95293, 2.98711, 3.02265, 3.0596, 3.09802, 3.09063, 3.04864, 3.00831, 2.96955, 2.93231, 2.8965, 2.86207, 2.82895, 2.79708, 2.76642, 2.73691, 2.70851, 2.68116, 2.65484, 2.6295, 2.6051, 2.58162, 2.55901, 2.53724, 2.51629, 2.49613
10.198, 10.1002, 0.119991, 0.999819, -1.98055e-05, -1.2205e-05, 0.0190008, 3.94238, 3.86825, 3.79753, 3.73001, 3.6655, 3.60381, 3.5448, 3.48831, 3.4342, 3.38234, 3.33262, 3.28492, 3.23914, 3.19519, 3.15298, 3.11242, 3.07344, 3.03596, 2.99992, 2.96525, 2.9319, 2.8998, 2.86891, 2.83918, 2.81056, 2.78301, 2.75648, 2.73095, 2.70636, 2.68269, 2.65991, 2.63798, 2.61688, 2.59658, 2.57705, 2.55827, 2.54022, 2.52287, 2.5062, 2.4902, 2.47485, 2.46012, 2.44601, 2.43249, 2.41956, 2.40719, 2.39538, 2.38411, 2.37337, 2.36316, 2.35345, 2.34424, 2.33552, 2.32729, 2.31953, 2.31224, 2.3054, 2.29902, 2.29309, 2.2876, 2.28254, 2.27792, 2.27373, 2.26995, 2.2666, 2.26367, 2.26115, 2.25904, 2.25734, 2.25605, 2.25517, 2.2547, 2.25463, 2.25497, 2.25571, 2.25686, 2.25842, 2.26039, 2.26277, 2.26557, 2.26878, 2.27241, 2.27646, 2.28094, 2.28585, 2.29119, 2.29698, 2.30321, 2.30989, 2.31702, 2.32463, 2.3327, 2.34125, 2.3503, 2.35983, 2.36988, 2.38044, 2.39153, 2.40316, 2.41534, 2.42808, 2.4414, 2.45531, 2.46983, 2.48497, 2.50075, 2.51719, 2.53431, 2.55212, 2.57065, 2.58993, 2.60997, 2.6308, 2.65244, 2.67493, 2.6983, 2.72257, 2.74779, 2.77398, 2.80118, 2.82943, 2.85879, 2.88928, 2.92096, 2.95389, 2.98811, 3.02368, 3.06067, 3.09913, 3.08948, 3.04753, 3.00724, 2.96853, 2.93133, 2.89556, 2.86116, 2.82807, 2.79624, 2.76561, 2.73613, 2.70776, 2.68045, 2.65415, 2.62884, 2.60446, 2.581, 2.55841, 2.53667, 2.51574, 2.49561
10.198, 10.1002, 0.119995, 0.999816, -1.42349e-05, -9.85035e-06, 0.0191842, 3.94036, 3.86632, 3.79569, 3.72825, 3.66382, 3.60221, 3.54327, 3.48684, 3.4328, 3.381, 3.33133, 3.28369, 3.23796, 3.19406, 3.15189, 3.11137, 3.07243, 3.03499, 2.99899, 2.96436, 2.93104, 2.89898, 2.86812, 2.83842, 2.80983, 2.78231, 2.75581, 2.7303, 2.70574, 2.68209, 2.65933, 2.63743, 2.61635, 2.59607, 2.57656, 2.5578, 2.53977, 2.52244, 2.50579, 2.48981, 2.47447, 2.45976, 2.44566, 2.43216, 2.41924, 2.40689, 2.39509, 2.38384, 2.37312, 2.36291, 2.35322, 2.34403, 2.33532, 2.3271, 2.31935, 2.31207, 2.30525, 2.29888, 2.29296, 2.28748, 2.28244, 2.27783, 2.27365, 2.26989, 2.26654, 2.26362, 2.26111, 2.25902, 2.25733, 2.25605, 2.25518, 2.25472, 2.25466, 2.25501, 2.25577, 2.25693, 2.2585, 2.26048, 2.26287, 2.26568, 2.2689, 2.27254, 2.27661, 2.2811, 2.28602, 2.29138, 2.29717, 2.30341, 2.31011, 2.31726, 2.32487, 2.33296, 2.34153, 2.35058, 2.36013, 2.37019, 2.38077, 2.39187, 2.40351, 2.41571, 2.42847, 2.4418, 2.45573, 2.47026, 2.48542, 2.50122, 2.51768, 2.53482, 2.55265, 2.5712, 2.5905, 2.61056, 2.63141, 2.65308, 2.67559, 2.69899, 2.72328, 2.74852, 2.77474, 2.80197, 2.83026, 2.85964, 2.89017, 2.92188, 2.95484, 2.9891, 3.02471, 3.06174, 3.10025, 3.08833, 3.04642, 3.00618, 2.96751, 2.93034, 2.89461, 2.86025, 2.8272, 2.7954, 2.76481, 2.73536, 2.70701, 2.67973, 2.65346, 2.62817, 2.60382, 2.58038, 2.55782, 2.5361, 2.5152, 2.49508
10.198, 10.1001, 0.119995, 0.999812, -1.85269e-05, -4.11434e-06, 0.0193674, 3.93834, 3.8644, 3.79386, 3.72651, 3.66215, 3.60062, 3.54175, 3.48539, 3.4314, 3.37966, 3.33005, 3.28246, 3.23678, 3.19293, 3.1508, 3.11033, 3.07143, 3.03403, 2.99807, 2.96347, 2.93019, 2.89816, 2.86734, 2.83767, 2.8091, 2.78161, 2.75514, 2.72965, 2.70512, 2.6815, 2.65876, 2.63688, 2.61582, 2.59556, 2.57608, 2.55734, 2.53932, 2.52201, 2.50538, 2.48942, 2.47409, 2.4594, 2.44532, 2.43184, 2.41893, 2.4066, 2.39481, 2.38357, 2.37286, 2.36268, 2.353, 2.34381, 2.33512, 2.32692, 2.31918, 2.31191, 2.3051, 2.29875, 2.29284, 2.28737, 2.28234, 2.27774, 2.27357, 2.26982, 2.26649, 2.26358, 2.26108, 2.259, 2.25732, 2.25605, 2.25519, 2.25474, 2.2547, 2.25506, 2.25582, 2.257, 2.25858, 2.26057, 2.26298, 2.26579, 2.26903, 2.27268, 2.27676, 2.28126, 2.28619, 2.29156, 2.29737, 2.30362, 2.31033, 2.31749, 2.32512, 2.33322, 2.3418, 2.35087, 2.36043, 2.37051, 2.3811, 2.39221, 2.40387, 2.41608, 2.42885, 2.44221, 2.45615, 2.4707, 2.48588, 2.5017, 2.51817, 2.53533, 2.55318, 2.57176, 2.59107, 2.61115, 2.63203, 2.65372, 2.67626, 2.69967, 2.724, 2.74926, 2.77551, 2.80277, 2.83108, 2.8605, 2.89106, 2.92281, 2.9558, 2.99009, 3.02574, 3.06281, 3.10136, 3.08717, 3.04532, 3.00512, 2.96649, 2.92936, 2.89367, 2.85935, 2.82633, 2.79457, 2.764, 2.73458, 2.70627, 2.67901, 2.65277, 2.62751, 2.60319, 2.57977, 2.55723, 2.53553, 2.51465, 2.49455
10.198, 10.1001, 0.119991, 0.999809, -1.90241e-05, -1.2135e-05, 0.0195502, 3.93633, 3.86249, 3.79203, 3.72476, 3.66049, 3.59903, 3.54022, 3.48393, 3.43001, 3.37833, 3.32877, 3.28123, 3.23561, 3.1918, 3.14972, 3.10929, 3.07043, 3.03307, 2.99714, 2.96259, 2.92934, 2.89734, 2.86655, 2.83691, 2.80838, 2.78091, 2.75446, 2.72901, 2.7045, 2.6809, 2.65819, 2.63633, 2.61529, 2.59506, 2.57559, 2.55687, 2.53887, 2.52158, 2.50497, 2.48902, 2.47372, 2.45904, 2.44498, 2.43151, 2.41862, 2.4063, 2.39453, 2.38331, 2.37261, 2.36244, 2.35277, 2.3436, 2.33492, 2.32673, 2.31901, 2.31175, 2.30495, 2.29861, 2.29271, 2.28726, 2.28224, 2.27765, 2.27349, 2.26975, 2.26644, 2.26353, 2.26105, 2.25897, 2.25731, 2.25605, 2.25521, 2.25476, 2.25473, 2.2551, 2.25588, 2.25706, 2.25866, 2.26066, 2.26308, 2.2659, 2.26915, 2.27281, 2.2769, 2.28142, 2.28636, 2.29174, 2.29756, 2.30383, 2.31055, 2.31772, 2.32536, 2.33348, 2.34207, 2.35115, 2.36073, 2.37082, 2.38142, 2.39256, 2.40423, 2.41645, 2.42924, 2.44261, 2.45657, 2.47114, 2.48633, 2.50217, 2.51866, 2.53584, 2.55371, 2.5723, 2.59164, 2.61175, 2.63264, 2.65436, 2.67692, 2.70036, 2.72471, 2.75, 2.77627, 2.80356, 2.83191, 2.86135, 2.89194, 2.92373, 2.95676, 2.99108, 3.02677, 3.06388, 3.10247, 3.08603, 3.04422, 3.00406, 2.96548, 2.92839, 2.89274, 2.85845, 2.82547, 2.79373, 2.7632, 2.73381, 2.70553, 2.6783, 2.65208, 2.62685, 2.60255, 2.57916, 2.55664, 2.53497, 2.51411, 2.49403
10.1979, 10.1001, 0.119995, 0.999805, -1.34182e-05, -9.81264e-06, 0.0197328, 3.93432, 3.86057, 3.79021, 3.72302, 3.65882, 3.59744, 3.5387, 3.48248, 3.42861, 3.37699, 3.32749, 3.28001, 3.23443, 3.19067, 3.14864, 3.10825, 3.06943, 3.03211, 2.99622, 2.9617, 2.92849, 2.89652, 2.86576, 2.83615, 2.80765, 2.78021, 2.75379, 2.72836, 2.70388, 2.6803, 2.65762, 2.63578, 2.61477, 2.59455, 2.5751, 2.5564, 2.53842, 2.52115, 2.50456, 2.48863, 2.47334, 2.45868, 2.44463, 2.43118, 2.41831, 2.406, 2.39425, 2.38304, 2.37236, 2.3622, 2.35254, 2.34339, 2.33472, 2.32654, 2.31883, 2.31159, 2.30481, 2.29847, 2.29259, 2.28715, 2.28214, 2.27756, 2.27341, 2.26969, 2.26638, 2.26349, 2.26101, 2.25895, 2.2573, 2.25605, 2.25522, 2.25479, 2.25476, 2.25515, 2.25593, 2.25713, 2.25874, 2.26075, 2.26318, 2.26602, 2.26927, 2.27295, 2.27705, 2.28157, 2.28653, 2.29192, 2.29776, 2.30403, 2.31076, 2.31795, 2.32561, 2.33373, 2.34234, 2.35143, 2.36103, 2.37113, 2.38175, 2.3929, 2.40458, 2.41682, 2.42963, 2.44301, 2.45699, 2.47158, 2.48679, 2.50264, 2.51916, 2.53635, 2.55424, 2.57285, 2.59221, 2.61234, 2.63326, 2.65499, 2.67758, 2.70104, 2.72542, 2.75074, 2.77704, 2.80435, 2.83273, 2.86221, 2.89283, 2.92465, 2.95771, 2.99208, 3.0278, 3.06495, 3.10359, 3.08488, 3.04312, 3.003, 2.96446, 2.92741, 2.8918, 2.85755, 2.8246, 2.7929, 2.7624, 2.73304, 2.70478, 2.67758, 2.6514, 2.62618, 2.60191, 2.57855, 2.55605, 2.5344, 2.51356, 2.49351
10.1979, 10.1001, 0.119995, 0.999802, -1.77136e-05, -4.05862e-06, 0.0199154, 3.93233, 3.85867, 3.78839, 3.72129, 3.65717, 3.59586, 3.53719, 3.48103, 3.42723, 3.37567, 3.32622, 3.27879, 3.23326, 3.18955, 3.14756, 3.10722, 3.06844, 3.03116, 2.99531, 2.96082, 2.92764, 2.89571, 2.86498, 2.8354, 2.80693, 2.77952, 2.75313, 2.72772, 2.70326, 2.67971, 2.65705, 2.63523, 2.61424, 2.59405, 2.57462, 2.55594, 2.53798, 2.52073, 2.50415, 2.48824, 2.47297, 2.45833, 2.44429, 2.43086, 2.418, 2.40571, 2.39397, 2.38277, 2.37211, 2.36196, 2.35232, 2.34318, 2.33453, 2.32636, 2.31866, 2.31143, 2.30466, 2.29834, 2.29247, 2.28703, 2.28204, 2.27747, 2.27334, 2.26962, 2.26633, 2.26345, 2.26098, 2.25893, 2.25729, 2.25606, 2.25523, 2.25481, 2.2548, 2.25519, 2.25599, 2.2572, 2.25882, 2.26084, 2.26328, 2.26613, 2.2694, 2.27309, 2.2772, 2.28173, 2.2867, 2.29211, 2.29795, 2.30424, 2.31099, 2.31819, 2.32585, 2.33399, 2.34261, 2.35172, 2.36133, 2.37144, 2.38208, 2.39324, 2.40494, 2.4172, 2.43002, 2.44342, 2.45741, 2.47202, 2.48725, 2.50312, 2.51965, 2.53686, 2.55477, 2.57341, 2.59278, 2.61293, 2.63387, 2.65563, 2.67824, 2.70173, 2.72613, 2.75148, 2.77781, 2.80515, 2.83356, 2.86306, 2.89372, 2.92557, 2.95867, 2.99307, 3.02883, 3.06602, 3.1047, 3.08374, 3.04202, 3.00195, 2.96345, 2.92644, 2.89086, 2.85665, 2.82373, 2.79207, 2.7616, 2.73227, 2.70404, 2.67687, 2.65071, 2.62553, 2.60128, 2.57794, 2.55547, 2.53384, 2.51302, 2.49298
10.1979, 10.1001, 0.119991, 0.999798, -1.82139e-05, -1.2109e-05, 0.0200976, 3.93033, 3.85677, 3.78658, 3.71956, 3.65551, 3.59427, 3.53568, 3.47958, 3.42584, 3.37434, 3.32495, 3.27757, 3.23209, 3.18843, 3.14649, 3.10618, 3.06745, 3.03021, 2.99439, 2.95994, 2.9268, 2.8949, 2.8642, 2.83465, 2.80621, 2.77882, 2.75246, 2.72708, 2.70264, 2.67912, 2.65648, 2.63469, 2.61372, 2.59354, 2.57414, 2.55547, 2.53754, 2.5203, 2.50374, 2.48785, 2.47259, 2.45797, 2.44395, 2.43053, 2.41769, 2.40541, 2.39369, 2.38251, 2.37185, 2.36172, 2.35209, 2.34297, 2.33433, 2.32617, 2.31849, 2.31127, 2.30451, 2.2982, 2.29234, 2.28692, 2.28194, 2.27739, 2.27326, 2.26956, 2.26627, 2.26341, 2.26095, 2.25891, 2.25728, 2.25606, 2.25524, 2.25484, 2.25483, 2.25524, 2.25605, 2.25727, 2.25889, 2.26093, 2.26338, 2.26624, 2.26952, 2.27322, 2.27734, 2.28189, 2.28687, 2.29229, 2.29815, 2.30445, 2.3112, 2.31842, 2.3261, 2.33425, 2.34288, 2.35201, 2.36163, 2.37176, 2.3824, 2.39358, 2.4053, 2.41757, 2.43041, 2.44382, 2.45783, 2.47245, 2.4877, 2.50359, 2.52014, 2.53737, 2.5553, 2.57396, 2.59335, 2.61352, 2.63449, 2.65627, 2.6789, 2.70242, 2.72684, 2.75222, 2.77857, 2.80594, 2.83438, 2.86392, 2.8946, 2.92649, 2.95962, 2.99406, 3.02986, 3.06709, 3.10581, 3.0826, 3.04093, 3.0009, 2.96244, 2.92547, 2.88993, 2.85575, 2.82287, 2.79124, 2.7608, 2.73151, 2.70331, 2.67616, 2.65003, 2.62487, 2.60065, 2.57733, 2.55488, 2.53327, 2.51248, 2.49247
10.1978, 10.1001, 0.119996, 0.999794, -1.06883e-05, -6.6831e-06, 0.0202767, 3.92837, 3.8549, 3.7848, 3.71786, 3.65389, 3.59272, 3.5342, 3.47816, 3.42449, 3.37304, 3.3237, 3.27637, 3.23095, 3.18733, 3.14543, 3.10517, 3.06648, 3.02927, 2.9935, 2.95908, 2.92597, 2.8941, 2.86344, 2.83392, 2.8055, 2.77814, 2.75181, 2.72645, 2.70204, 2.67854, 2.65592, 2.63415, 2.6132, 2.59305, 2.57366, 2.55502, 2.5371, 2.51988, 2.50334, 2.48746, 2.47223, 2.45762, 2.44362, 2.43021, 2.41738, 2.40512, 2.39342, 2.38225, 2.37161, 2.36149, 2.35188, 2.34276, 2.33414, 2.32599, 2.31832, 2.31111, 2.30437, 2.29807, 2.29222, 2.28681, 2.28184, 2.2773, 2.27318, 2.26949, 2.26622, 2.26336, 2.26092, 2.25889, 2.25727, 2.25606, 2.25526, 2.25486, 2.25487, 2.25528, 2.25611, 2.25733, 2.25897, 2.26102, 2.26348, 2.26635, 2.26965, 2.27336, 2.27749, 2.28205, 2.28704, 2.29247, 2.29834, 2.30465, 2.31142, 2.31865, 2.32634, 2.3345, 2.34315, 2.35229, 2.36192, 2.37206, 2.38273, 2.39392, 2.40565, 2.41794, 2.43079, 2.44422, 2.45825, 2.47288, 2.48815, 2.50405, 2.52062, 2.53787, 2.55582, 2.5745, 2.59392, 2.6141, 2.63509, 2.6569, 2.67955, 2.70309, 2.72754, 2.75294, 2.77932, 2.80672, 2.83519, 2.86476, 2.89548, 2.92739, 2.96056, 2.99504, 3.03088, 3.06814, 3.10691, 3.08148, 3.03985, 2.99987, 2.96145, 2.92452, 2.88902, 2.85487, 2.82203, 2.79043, 2.76002, 2.73075, 2.70258, 2.67546, 2.64936, 2.62422, 2.60003, 2.57673, 2.55431, 2.53272, 2.51195, 2.49195
10.1978, 10.1001, 0.119996, 0.999791, -1.14411e-05, -2.99912e-06, 0.020438, 3.92664, 3.85325, 3.78322, 3.71635, 3.65245, 3.59135, 3.53288, 3.47691, 3.42328, 3.37189, 3.3226, 3.27532, 3.22993, 3.18635, 3.1445, 3.10428, 3.06562, 3.02845, 2.9927, 2.95832, 2.92523, 2.8934, 2.86276, 2.83327, 2.80488, 2.77754, 2.75123, 2.7259, 2.70151, 2.67803, 2.65543, 2.63368, 2.61275, 2.59261, 2.57325, 2.55462, 2.53672, 2.51952, 2.50299, 2.48713, 2.47191, 2.45731, 2.44333, 2.42994, 2.41712, 2.40487, 2.39318, 2.38202, 2.3714, 2.36129, 2.35169, 2.34258, 2.33397, 2.32584, 2.31818, 2.31098, 2.30425, 2.29796, 2.29212, 2.28673, 2.28176, 2.27723, 2.27313, 2.26944, 2.26618, 2.26334, 2.2609, 2.25888, 2.25727, 2.25607, 2.25528, 2.25489, 2.25491, 2.25533, 2.25616, 2.2574, 2.25905, 2.26111, 2.26358, 2.26646, 2.26976, 2.27348, 2.27763, 2.2822, 2.2872, 2.29264, 2.29852, 2.30485, 2.31162, 2.31886, 2.32656, 2.33474, 2.3434, 2.35255, 2.36219, 2.37235, 2.38302, 2.39423, 2.40597, 2.41827, 2.43114, 2.44459, 2.45863, 2.47328, 2.48856, 2.50448, 2.52107, 2.53833, 2.5563, 2.57499, 2.59443, 2.61464, 2.63564, 2.65747, 2.68015, 2.70371, 2.72818, 2.7536, 2.78001, 2.80744, 2.83593, 2.86552, 2.89627, 2.92822, 2.96142, 2.99592, 3.0318, 3.0691, 3.1079, 3.08048, 3.03889, 2.99895, 2.96056, 2.92367, 2.8882, 2.85408, 2.82127, 2.7897, 2.75932, 2.73008, 2.70193, 2.67484, 2.64876, 2.62365, 2.59947, 2.5762, 2.55379, 2.53223, 2.51147, 2.4915
10.1977, 10.1001, 0.119998, 0.999789, -8.16565e-06, -9.12294e-06, 0.0205625, 3.92539, 3.85207, 3.7821, 3.71528, 3.65143, 3.59038, 3.53196, 3.47602, 3.42244, 3.37108, 3.32183, 3.27458, 3.22923, 3.18569, 3.14386, 3.10367, 3.06503, 3.02789, 2.99217, 2.95781, 2.92475, 2.89293, 2.86231, 2.83284, 2.80447, 2.77715, 2.75086, 2.72554, 2.70117, 2.67771, 2.65512, 2.63339, 2.61247, 2.59235, 2.57299, 2.55438, 2.53649, 2.5193, 2.50279, 2.48694, 2.47173, 2.45715, 2.44317, 2.42979, 2.41698, 2.40475, 2.39306, 2.38191, 2.3713, 2.3612, 2.35161, 2.34251, 2.33391, 2.32578, 2.31813, 2.31094, 2.30422, 2.29794, 2.29211, 2.28672, 2.28176, 2.27724, 2.27314, 2.26947, 2.26621, 2.26338, 2.26095, 2.25894, 2.25734, 2.25614, 2.25536, 2.25498, 2.255, 2.25543, 2.25627, 2.25752, 2.25918, 2.26124, 2.26372, 2.26661, 2.26992, 2.27365, 2.2778, 2.28238, 2.28739, 2.29284, 2.29872, 2.30506, 2.31185, 2.31909, 2.3268, 2.33499, 2.34366, 2.35282, 2.36247, 2.37264, 2.38332, 2.39454, 2.40629, 2.4186, 2.43148, 2.44494, 2.45899, 2.47366, 2.48895, 2.50488, 2.52148, 2.53876, 2.55674, 2.57545, 2.5949, 2.61513, 2.63615, 2.65799, 2.68068, 2.70426, 2.72875, 2.75419, 2.78062, 2.80807, 2.83658, 2.8662, 2.89697, 2.92894, 2.96216, 2.9967, 3.0326, 3.06993, 3.10876, 3.0797, 3.03814, 2.99822, 2.95987, 2.923, 2.88756, 2.85347, 2.82068, 2.78913, 2.75877, 2.72955, 2.70143, 2.67435, 2.64829, 2.62319, 2.59903, 2.57578, 2.55339, 2.53184, 2.5111, 2.49114
10.1976, 10.1001, 0.119998, 0.999786, -5.53324e-06, -3.84244e-06, 0.0206665, 3.92437, 3.8511, 3.78118, 3.71441, 3.6506, 3.58958, 3.5312, 3.4753, 3.42175, 3.37043, 3.32121, 3.27398, 3.22866, 3.18514, 3.14334, 3.10317, 3.06456, 3.02743, 2.99173, 2.95739, 2.92435, 2.89255, 2.86195, 2.83249, 2.80414, 2.77684, 2.75056, 2.72526, 2.7009, 2.67745, 2.65488, 2.63315, 2.61225, 2.59214, 2.57279, 2.55419, 2.53631, 2.51913, 2.50263, 2.48679, 2.47159, 2.45701, 2.44305, 2.42967, 2.41688, 2.40465, 2.39297, 2.38183, 2.37122, 2.36113, 2.35155, 2.34246, 2.33386, 2.32574, 2.3181, 2.31092, 2.3042, 2.29793, 2.2921, 2.28672, 2.28177, 2.27725, 2.27316, 2.2695, 2.26625, 2.26342, 2.261, 2.25899, 2.25739, 2.25621, 2.25543, 2.25505, 2.25508, 2.25552, 2.25637, 2.25762, 2.25928, 2.26136, 2.26384, 2.26674, 2.27005, 2.27379, 2.27795, 2.28253, 2.28755, 2.293, 2.2989, 2.30524, 2.31204, 2.31929, 2.32701, 2.3352, 2.34388, 2.35304, 2.36271, 2.37288, 2.38358, 2.3948, 2.40656, 2.41888, 2.43177, 2.44524, 2.4593, 2.47397, 2.48928, 2.50522, 2.52183, 2.53912, 2.55712, 2.57583, 2.5953, 2.61554, 2.63657, 2.65843, 2.68114, 2.70473, 2.72924, 2.75469, 2.78113, 2.8086, 2.83713, 2.86676, 2.89755, 2.92955, 2.96279, 2.99735, 3.03327, 3.07063, 3.10948, 3.07904, 3.03751, 2.99762, 2.95929, 2.92244, 2.88702, 2.85295, 2.82018, 2.78865, 2.75831, 2.72911, 2.701, 2.67394, 2.64789, 2.62281, 2.59867, 2.57542, 2.55305, 2.53151, 2.51078, 2.49083
10.1975, 10.1001, 0.119998, 0.999785, -6.01846e-07, -3.37125e-06, 0.0207437, 3.92367, 3.85043, 3.78054, 3.71381, 3.65003, 3.58904, 3.53069, 3.47481, 3.42129, 3.36998, 3.32079, 3.27358, 3.22828, 3.18478, 3.14299, 3.10284, 3.06425, 3.02714, 2.99145, 2.95712, 2.9241, 2.89231, 2.86172, 2.83228, 2.80393, 2.77664, 2.75037, 2.72508, 2.70073, 2.67729, 2.65473, 2.63301, 2.61212, 2.59202, 2.57268, 2.55409, 2.53621, 2.51904, 2.50254, 2.48671, 2.47152, 2.45695, 2.44299, 2.42962, 2.41683, 2.40461, 2.39293, 2.3818, 2.3712, 2.36111, 2.35153, 2.34245, 2.33386, 2.32575, 2.31811, 2.31093, 2.30422, 2.29795, 2.29213, 2.28675, 2.28181, 2.2773, 2.27321, 2.26955, 2.2663, 2.26348, 2.26106, 2.25906, 2.25747, 2.25629, 2.25551, 2.25514, 2.25518, 2.25562, 2.25647, 2.25773, 2.2594, 2.26147, 2.26396, 2.26687, 2.27019, 2.27393, 2.27809, 2.28268, 2.2877, 2.29316, 2.29906, 2.30541, 2.31221, 2.31947, 2.3272, 2.33539, 2.34408, 2.35325, 2.36292, 2.3731, 2.3838, 2.39503, 2.4068, 2.41913, 2.43202, 2.4455, 2.45957, 2.47425, 2.48956, 2.50551, 2.52213, 2.53943, 2.55743, 2.57616, 2.59563, 2.61588, 2.63692, 2.65879, 2.68151, 2.70511, 2.72963, 2.7551, 2.78156, 2.80904, 2.83758, 2.86723, 2.89803, 2.93004, 2.9633, 2.99787, 3.03382, 3.07119, 3.11006, 3.07855, 3.03704, 2.99717, 2.95885, 2.92203, 2.88662, 2.85257, 2.81981, 2.78829, 2.75797, 2.72878, 2.70068, 2.67363, 2.6476, 2.62253, 2.59839, 2.57516, 2.55279, 2.53127, 2.51055, 2.49061
10.1975, 10.1001, 0.119999, 0.999782, 1.27265e-05, -5.41817e-06, 0.0208633, 3.92244, 3.84926, 3.77943, 3.71274, 3.64902, 3.58808, 3.52976, 3.47393, 3.42045, 3.36918, 3.32002, 3.27285, 3.22758, 3.18411, 3.14235, 3.10222, 3.06366, 3.02657, 2.99091, 2.95661, 2.9236, 2.89184, 2.86127, 2.83184, 2.80351, 2.77624, 2.74999, 2.72471, 2.70038, 2.67696, 2.65441, 2.63271, 2.61183, 2.59174, 2.57241, 2.55383, 2.53597, 2.51881, 2.50233, 2.4865, 2.47132, 2.45676, 2.44281, 2.42946, 2.41668, 2.40446, 2.3928, 2.38168, 2.37108, 2.361, 2.35143, 2.34236, 2.33378, 2.32567, 2.31804, 2.31088, 2.30417, 2.29791, 2.2921, 2.28673, 2.28179, 2.27729, 2.27321, 2.26955, 2.26632, 2.2635, 2.26109, 2.2591, 2.25751, 2.25634, 2.25557, 2.2552, 2.25525, 2.2557, 2.25656, 2.25782, 2.2595, 2.26158, 2.26408, 2.26699, 2.27032, 2.27406, 2.27824, 2.28283, 2.28787, 2.29333, 2.29924, 2.3056, 2.3124, 2.31967, 2.32741, 2.33561, 2.34431, 2.35349, 2.36317, 2.37336, 2.38407, 2.39531, 2.40709, 2.41942, 2.43233, 2.44581, 2.4599, 2.47459, 2.48991, 2.50588, 2.52251, 2.53982, 2.55784, 2.57658, 2.59607, 2.61633, 2.63739, 2.65927, 2.68201, 2.70563, 2.73016, 2.75565, 2.78212, 2.80962, 2.83818, 2.86786, 2.89868, 2.93071, 2.964, 2.9986, 3.03456, 3.07197, 3.11087, 3.07778, 3.0363, 2.99645, 2.95816, 2.92136, 2.88598, 2.85195, 2.81922, 2.78772, 2.75742, 2.72825, 2.70017, 2.67314, 2.64712, 2.62207, 2.59796, 2.57474, 2.55239, 2.53087, 2.51017, 2.49024
10.1974, 10.1001, 0.119999, 0.99978, 6.25074e-06, -9.28507e-06, 0.0209922, 3.92111, 3.84799, 3.77822, 3.71159, 3.64792, 3.58703, 3.52876, 3.47298, 3.41953, 3.36831, 3.31918, 3.27205, 3.22681, 3.18337, 3.14165, 3.10155, 3.06301, 3.02596, 2.99032, 2.95604, 2.92306, 2.89132, 2.86077, 2.83136, 2.80306, 2.7758, 2.74957, 2.72431, 2.69999, 2.67659, 2.65405, 2.63237, 2.6115, 2.59143, 2.57212, 2.55355, 2.5357, 2.51855, 2.50208, 2.48627, 2.4711, 2.45655, 2.44262, 2.42927, 2.4165, 2.4043, 2.39264, 2.38153, 2.37095, 2.36088, 2.35132, 2.34225, 2.33368, 2.32558, 2.31796, 2.3108, 2.3041, 2.29785, 2.29205, 2.28669, 2.28176, 2.27726, 2.27319, 2.26955, 2.26632, 2.26351, 2.26111, 2.25912, 2.25754, 2.25638, 2.25561, 2.25526, 2.25531, 2.25577, 2.25664, 2.25791, 2.25959, 2.26168, 2.26419, 2.26711, 2.27044, 2.2742, 2.27838, 2.28299, 2.28803, 2.2935, 2.29942, 2.30578, 2.3126, 2.31988, 2.32762, 2.33584, 2.34454, 2.35373, 2.36342, 2.37362, 2.38434, 2.39559, 2.40738, 2.41973, 2.43265, 2.44614, 2.46024, 2.47494, 2.49028, 2.50626, 2.5229, 2.54022, 2.55826, 2.57701, 2.59651, 2.61679, 2.63787, 2.65977, 2.68252, 2.70616, 2.73071, 2.75622, 2.78271, 2.81023, 2.83882, 2.86851, 2.89936, 2.93141, 2.96473, 2.99935, 3.03535, 3.07278, 3.11171, 3.07694, 3.03549, 2.99568, 2.95742, 2.92065, 2.88529, 2.85129, 2.81858, 2.78711, 2.75683, 2.72768, 2.69962, 2.67262, 2.64661, 2.62158, 2.59748, 2.57428, 2.55195, 2.53045, 2.50976, 2.48985
10.1974, 10.1001, 0.119999, 0.999777, 1.36454e-05, -4.37967e-06, 0.0211323, 3.91965, 3.8466, 3.7769, 3.71033, 3.64672, 3.58588, 3.52767, 3.47193, 3.41853, 3.36735, 3.31827, 3.27117, 3.22597, 3.18257, 3.14088, 3.10081, 3.0623, 3.02528, 2.98967, 2.95542, 2.92246, 2.89074, 2.86022, 2.83084, 2.80255, 2.77532, 2.7491, 2.72387, 2.69957, 2.67618, 2.65366, 2.632, 2.61115, 2.59109, 2.57179, 2.55324, 2.53541, 2.51827, 2.50181, 2.48602, 2.47086, 2.45632, 2.4424, 2.42906, 2.41631, 2.40411, 2.39247, 2.38137, 2.37079, 2.36074, 2.35119, 2.34213, 2.33357, 2.32548, 2.31787, 2.31072, 2.30403, 2.29779, 2.292, 2.28664, 2.28172, 2.27724, 2.27317, 2.26954, 2.26632, 2.26351, 2.26112, 2.25914, 2.25758, 2.25642, 2.25566, 2.25532, 2.25538, 2.25585, 2.25672, 2.258, 2.25969, 2.26179, 2.26431, 2.26723, 2.27058, 2.27434, 2.27853, 2.28315, 2.2882, 2.29368, 2.29961, 2.30598, 2.31281, 2.3201, 2.32785, 2.33608, 2.34479, 2.35399, 2.36369, 2.3739, 2.38463, 2.39589, 2.4077, 2.42006, 2.43299, 2.4465, 2.4606, 2.47532, 2.49067, 2.50666, 2.52332, 2.54066, 2.55871, 2.57748, 2.597, 2.61729, 2.63839, 2.6603, 2.68308, 2.70674, 2.73131, 2.75684, 2.78335, 2.81089, 2.8395, 2.86922, 2.9001, 2.93218, 2.96552, 3.00017, 3.0362, 3.07366, 3.11262, 3.07603, 3.03462, 2.99484, 2.95661, 2.91987, 2.88454, 2.85057, 2.81789, 2.78644, 2.75618, 2.72706, 2.69903, 2.67204, 2.64606, 2.62105, 2.59697, 2.57379, 2.55147, 2.52999, 2.50932, 2.48942
10.1973, 10.1001, 0.119999, 0.999774, 7.31103e-06, -3.51852e-06, 0.02128, 3.9181, 3.84513, 3.7755, 3.709, 3.64544, 3.58466, 3.52651, 3.47082, 3.41747, 3.36633, 3.31729, 3.27024, 3.22508, 3.18171, 3.14006, 3.10003, 3.06155, 3.02456, 2.98898, 2.95475, 2.92182, 2.89013, 2.85963, 2.83027, 2.80201, 2.7748, 2.74861, 2.72339, 2.69911, 2.67574, 2.65324, 2.63159, 2.61076, 2.59072, 2.57144, 2.5529, 2.53508, 2.51796, 2.50152, 2.48574, 2.47059, 2.45607, 2.44216, 2.42883, 2.41609, 2.40391, 2.39228, 2.38119, 2.37063, 2.36058, 2.35104, 2.342, 2.33344, 2.32537, 2.31776, 2.31062, 2.30394, 2.29771, 2.29193, 2.28658, 2.28168, 2.2772, 2.27314, 2.26951, 2.2663, 2.26351, 2.26113, 2.25916, 2.2576, 2.25645, 2.25571, 2.25537, 2.25544, 2.25591, 2.2568, 2.25809, 2.25979, 2.2619, 2.26442, 2.26736, 2.27071, 2.27448, 2.27868, 2.28331, 2.28837, 2.29386, 2.2998, 2.30618, 2.31302, 2.32032, 2.32808, 2.33632, 2.34504, 2.35425, 2.36396, 2.37419, 2.38493, 2.3962, 2.40802, 2.42039, 2.43333, 2.44686, 2.46098, 2.47571, 2.49107, 2.50708, 2.52375, 2.54111, 2.55917, 2.57796, 2.5975, 2.61781, 2.63892, 2.66086, 2.68365, 2.70733, 2.73192, 2.75747, 2.78401, 2.81157, 2.84021, 2.86995, 2.90085, 2.93296, 2.96633, 3.00101, 3.03707, 3.07457, 3.11357, 3.07509, 3.03371, 2.99397, 2.95578, 2.91907, 2.88377, 2.84982, 2.81717, 2.78575, 2.75552, 2.72642, 2.69841, 2.67144, 2.64549, 2.62049, 2.59643, 2.57327, 2.55097, 2.52951, 2.50886, 2.48898
10.1973, 10.1001, 0.12, 0.99977, 1.84595e-05, -4.77556e-06, 0.0214349, 3.91644, 3.84355, 3.77399, 3.70755, 3.64407, 3.58335, 3.52525, 3.46962, 3.41632, 3.36523, 3.31624, 3.26923, 3.22411, 3.18079, 3.13917, 3.09917, 3.06073, 3.02377, 2.98822, 2.95403, 2.92112, 2.88946, 2.85899, 2.82966, 2.80142, 2.77423, 2.74806, 2.72287, 2.69861, 2.67526, 2.65278, 2.63115, 2.61033, 2.59031, 2.57105, 2.55253, 2.53473, 2.51762, 2.50119, 2.48542, 2.47029, 2.45579, 2.44189, 2.42858, 2.41585, 2.40368, 2.39206, 2.38098, 2.37043, 2.3604, 2.35087, 2.34184, 2.33329, 2.32523, 2.31764, 2.31051, 2.30384, 2.29762, 2.29184, 2.28651, 2.28161, 2.27714, 2.2731, 2.26948, 2.26628, 2.26349, 2.26112, 2.25916, 2.25761, 2.25647, 2.25574, 2.25541, 2.25549, 2.25597, 2.25687, 2.25817, 2.25988, 2.26199, 2.26453, 2.26747, 2.27084, 2.27462, 2.27883, 2.28347, 2.28853, 2.29404, 2.29999, 2.30638, 2.31323, 2.32054, 2.32831, 2.33656, 2.34529, 2.35452, 2.36424, 2.37448, 2.38523, 2.39652, 2.40835, 2.42073, 2.43369, 2.44723, 2.46136, 2.47611, 2.49148, 2.50751, 2.5242, 2.54157, 2.55965, 2.57846, 2.59801, 2.61834, 2.63947, 2.66143, 2.68424, 2.70794, 2.73256, 2.75813, 2.78469, 2.81228, 2.84094, 2.87071, 2.90164, 2.93378, 2.96718, 3.00189, 3.03799, 3.07552, 3.11455, 3.0741, 3.03276, 2.99305, 2.95489, 2.91822, 2.88295, 2.84904, 2.81641, 2.78502, 2.75482, 2.72574, 2.69776, 2.67082, 2.64488, 2.61991, 2.59588, 2.57273, 2.55046, 2.52901, 2.50837, 2.48852
10.1972, 10.1002, 0.119999, 0.999767, 1.14168e-05, -7.34242e-06, 0.021585, 3.91484, 3.84203, 3.77254, 3.70617, 3.64275, 3.58209, 3.52404, 3.46847, 3.41522, 3.36418, 3.31523, 3.26826, 3.22319, 3.1799, 3.13831, 3.09836, 3.05995, 3.02302, 2.9875, 2.95333, 2.92046, 2.88882, 2.85837, 2.82907, 2.80085, 2.77369, 2.74754, 2.72236, 2.69813, 2.6748, 2.65234, 2.63072, 2.60993, 2.58992, 2.57067, 2.55217, 2.53438, 2.51729, 2.50088, 2.48513, 2.47001, 2.45552, 2.44163, 2.42833, 2.41561, 2.40346, 2.39185, 2.38079, 2.37025, 2.36022, 2.35071, 2.34168, 2.33315, 2.3251, 2.31752, 2.3104, 2.30374, 2.29753, 2.29176, 2.28644, 2.28155, 2.27709, 2.27306, 2.26945, 2.26625, 2.26348, 2.26112, 2.25917, 2.25762, 2.25649, 2.25577, 2.25545, 2.25554, 2.25603, 2.25693, 2.25824, 2.25996, 2.26209, 2.26463, 2.26759, 2.27096, 2.27475, 2.27897, 2.28362, 2.2887, 2.29421, 2.30017, 2.30657, 2.31343, 2.32075, 2.32854, 2.3368, 2.34554, 2.35477, 2.36451, 2.37476, 2.38552, 2.39682, 2.40867, 2.42106, 2.43403, 2.44758, 2.46173, 2.47649, 2.49188, 2.50792, 2.52463, 2.54202, 2.56011, 2.57893, 2.59851, 2.61886, 2.64, 2.66198, 2.68481, 2.70853, 2.73317, 2.75877, 2.78535, 2.81297, 2.84165, 2.87145, 2.9024, 2.93457, 2.968, 3.00275, 3.03887, 3.07643, 3.1155, 3.07314, 3.03184, 2.99217, 2.95405, 2.9174, 2.88217, 2.84828, 2.81569, 2.78432, 2.75414, 2.72509, 2.69713, 2.67022, 2.6443, 2.61936, 2.59534, 2.57222, 2.54996, 2.52853, 2.50791, 2.48807
10.1972, 10.1002, 0.119998, 0.999763, 1.71669e-05, -4.70205e-06, 0.0217489, 3.91309, 3.84036, 3.77095, 3.70465, 3.6413, 3.5807, 3.52272, 3.4672, 3.41401, 3.36302, 3.31412, 3.2672, 3.22216, 3.17892, 3.13737, 3.09745, 3.05908, 3.02218, 2.9867, 2.95256, 2.91972, 2.88811, 2.85769, 2.82841, 2.80022, 2.77309, 2.74696, 2.72181, 2.69759, 2.67428, 2.65185, 2.63025, 2.60947, 2.58948, 2.57026, 2.55177, 2.534, 2.51693, 2.50053, 2.48479, 2.46969, 2.45521, 2.44134, 2.42806, 2.41535, 2.40321, 2.39162, 2.38056, 2.37003, 2.36002, 2.35052, 2.34151, 2.33299, 2.32495, 2.31737, 2.31027, 2.30362, 2.29742, 2.29167, 2.28635, 2.28147, 2.27702, 2.273, 2.2694, 2.26622, 2.26345, 2.2611, 2.25916, 2.25763, 2.25651, 2.25579, 2.25548, 2.25558, 2.25609, 2.257, 2.25832, 2.26005, 2.26218, 2.26474, 2.2677, 2.27109, 2.27489, 2.27912, 2.28377, 2.28886, 2.29439, 2.30036, 2.30677, 2.31364, 2.32097, 2.32877, 2.33704, 2.3458, 2.35504, 2.36479, 2.37505, 2.38583, 2.39714, 2.409, 2.42141, 2.43439, 2.44796, 2.46212, 2.4769, 2.49231, 2.50836, 2.52508, 2.54249, 2.5606, 2.57944, 2.59904, 2.6194, 2.64057, 2.66257, 2.68542, 2.70917, 2.73383, 2.75945, 2.78606, 2.8137, 2.84241, 2.87223, 2.90322, 2.93542, 2.96888, 3.00366, 3.03982, 3.07742, 3.11507, 3.0721, 3.03085, 2.99121, 2.95313, 2.91652, 2.88132, 2.84746, 2.8149, 2.78357, 2.75341, 2.72439, 2.69646, 2.66956, 2.64368, 2.61875, 2.59476, 2.57165, 2.54942, 2.52801, 2.50741, 2.48759
10.1972, 10.1002, 0.119996, 0.999759, 1.21372e-05, -8.90436e-06, 0.0219368, 3.91105, 3.83841, 3.76909, 3.70288, 3.6396, 3.57908, 3.52117, 3.46571, 3.41258, 3.36165, 3.31281, 3.26595, 3.22096, 3.17776, 3.13627, 3.09639, 3.05806, 3.0212, 2.98576, 2.95166, 2.91885, 2.88728, 2.85689, 2.82764, 2.79948, 2.77237, 2.74627, 2.72115, 2.69696, 2.67367, 2.65126, 2.62969, 2.60893, 2.58896, 2.56976, 2.55129, 2.53354, 2.51649, 2.50011, 2.48439, 2.4693, 2.45484, 2.44098, 2.42772, 2.41503, 2.4029, 2.39132, 2.38029, 2.36977, 2.35978, 2.35028, 2.34129, 2.33278, 2.32475, 2.31719, 2.3101, 2.30346, 2.29728, 2.29154, 2.28623, 2.28137, 2.27693, 2.27292, 2.26933, 2.26616, 2.26341, 2.26107, 2.25914, 2.25762, 2.25651, 2.2558, 2.25551, 2.25562, 2.25613, 2.25705, 2.25839, 2.26013, 2.26228, 2.26484, 2.26782, 2.27121, 2.27503, 2.27927, 2.28394, 2.28904, 2.29458, 2.30056, 2.30698, 2.31387, 2.32121, 2.32902, 2.33731, 2.34608, 2.35534, 2.3651, 2.37537, 2.38617, 2.3975, 2.40937, 2.4218, 2.43479, 2.44838, 2.46256, 2.47735, 2.49278, 2.50885, 2.52559, 2.54302, 2.56115, 2.58001, 2.59963, 2.62002, 2.64121, 2.66323, 2.68611, 2.70988, 2.73457, 2.76021, 2.78685, 2.81452, 2.84326, 2.87312, 2.90414, 2.93637, 2.96987, 3.00469, 3.04089, 3.07853, 3.11384, 3.07092, 3.02971, 2.99012, 2.95208, 2.91551, 2.88035, 2.84653, 2.814, 2.7827, 2.75258, 2.72359, 2.69568, 2.66882, 2.64296, 2.61806, 2.59409, 2.57102, 2.5488, 2.52742, 2.50684, 2.48704
10.1971, 10.1002, 0.119993, 0.999755, 1.21441e-05, -5.92444e-06, 0.022124, 3.90902, 3.83648, 3.76724, 3.70112, 3.63792, 3.57747, 3.51963, 3.46424, 3.41117, 3.3603, 3.31152, 3.2647, 3.21977, 3.17662, 3.13517, 3.09534, 3.05705, 3.02023, 2.98482, 2.95076, 2.91799, 2.88645, 2.85609, 2.82687, 2.79874, 2.77166, 2.74559, 2.72049, 2.69633, 2.67307, 2.65068, 2.62913, 2.60839, 2.58845, 2.56926, 2.55082, 2.53309, 2.51605, 2.49969, 2.48399, 2.46892, 2.45448, 2.44064, 2.42739, 2.41471, 2.4026, 2.39104, 2.38001, 2.36952, 2.35953, 2.35006, 2.34107, 2.33258, 2.32456, 2.31702, 2.30994, 2.30331, 2.29714, 2.29141, 2.28612, 2.28127, 2.27684, 2.27284, 2.26926, 2.2661, 2.26336, 2.26103, 2.25912, 2.25761, 2.25651, 2.25582, 2.25553, 2.25565, 2.25618, 2.25711, 2.25846, 2.26021, 2.26237, 2.26494, 2.26793, 2.27134, 2.27517, 2.27942, 2.2841, 2.28921, 2.29476, 2.30076, 2.3072, 2.31409, 2.32145, 2.32927, 2.33757, 2.34636, 2.35563, 2.36541, 2.3757, 2.38651, 2.39785, 2.40974, 2.42218, 2.4352, 2.44879, 2.46299, 2.4778, 2.49325, 2.50934, 2.5261, 2.54355, 2.5617, 2.58058, 2.60022, 2.62063, 2.64184, 2.66389, 2.68679, 2.71059, 2.7353, 2.76098, 2.78764, 2.81534, 2.84411, 2.874, 2.90506, 2.93733, 2.97086, 3.00571, 3.04195, 3.07964, 3.11261, 3.06974, 3.02858, 2.98903, 2.95103, 2.9145, 2.87938, 2.8456, 2.8131, 2.78184, 2.75175, 2.72279, 2.69492, 2.66808, 2.64225, 2.61738, 2.59343, 2.57038, 2.54819, 2.52683, 2.50627, 2.48649
10.1971, 10.1002, 0.119996, 0.999751, 1.22994e-05, -8.26679e-06, 0.0223119, 3.90699, 3.83454, 3.76539, 3.69935, 3.63623, 3.57586, 3.51809, 3.46277, 3.40976, 3.35895, 3.31022, 3.26346, 3.21858, 3.17547, 3.13407, 3.09428, 3.05603, 3.01926, 2.98389, 2.94986, 2.91712, 2.88562, 2.85529, 2.8261, 2.798, 2.77095, 2.74491, 2.71983, 2.69569, 2.67246, 2.65009, 2.62857, 2.60786, 2.58793, 2.56877, 2.55034, 2.53263, 2.51561, 2.49927, 2.48358, 2.46854, 2.45411, 2.44028, 2.42705, 2.41439, 2.4023, 2.39075, 2.37974, 2.36926, 2.35929, 2.34982, 2.34086, 2.33238, 2.32437, 2.31684, 2.30977, 2.30316, 2.297, 2.29128, 2.28601, 2.28116, 2.27675, 2.27276, 2.2692, 2.26605, 2.26332, 2.261, 2.25909, 2.2576, 2.25651, 2.25583, 2.25555, 2.25569, 2.25623, 2.25717, 2.25853, 2.26029, 2.26246, 2.26505, 2.26805, 2.27147, 2.27531, 2.27957, 2.28426, 2.28939, 2.29495, 2.30096, 2.30741, 2.31432, 2.32169, 2.32953, 2.33784, 2.34664, 2.35593, 2.36572, 2.37602, 2.38684, 2.3982, 2.4101, 2.42256, 2.4356, 2.44921, 2.46343, 2.47826, 2.49372, 2.50983, 2.52661, 2.54407, 2.56225, 2.58115, 2.60081, 2.62124, 2.64248, 2.66455, 2.68748, 2.7113, 2.73604, 2.76174, 2.78844, 2.81616, 2.84497, 2.87489, 2.90598, 2.93828, 2.97185, 3.00674, 3.04302, 3.08075, 3.11138, 3.06856, 3.02744, 2.98794, 2.94998, 2.91349, 2.87841, 2.84467, 2.81221, 2.78098, 2.75092, 2.72199, 2.69415, 2.66734, 2.64153, 2.61669, 2.59277, 2.56974, 2.54758, 2.52624, 2.50571, 2.48595
10.1971, 10.1002, 0.119996, 0.999747, 1.21514e-05, -8.61143e-06, 0.0225099, 3.90484, 3.83249, 3.76344, 3.69748, 3.63445, 3.57416, 3.51645, 3.4612, 3.40826, 3.35751, 3.30884, 3.26214, 3.21731, 3.17426, 3.1329, 3.09316, 3.05496, 3.01822, 2.98289, 2.9489, 2.9162, 2.88473, 2.85444, 2.82529, 2.79722, 2.7702, 2.74418, 2.71913, 2.69502, 2.67181, 2.64947, 2.62797, 2.60728, 2.58738, 2.56824, 2.54983, 2.53214, 2.51515, 2.49882, 2.48316, 2.46813, 2.45372, 2.43991, 2.42669, 2.41405, 2.40197, 2.39044, 2.37945, 2.36898, 2.35902, 2.34958, 2.34062, 2.33216, 2.32417, 2.31665, 2.30959, 2.303, 2.29685, 2.29114, 2.28588, 2.28105, 2.27665, 2.27267, 2.26912, 2.26598, 2.26327, 2.26096, 2.25907, 2.25758, 2.25651, 2.25584, 2.25558, 2.25572, 2.25627, 2.25723, 2.25859, 2.26037, 2.26255, 2.26515, 2.26817, 2.2716, 2.27545, 2.27973, 2.28443, 2.28957, 2.29515, 2.30116, 2.30763, 2.31455, 2.32194, 2.32979, 2.33811, 2.34693, 2.35623, 2.36604, 2.37635, 2.3872, 2.39857, 2.41049, 2.42297, 2.43601, 2.44965, 2.46388, 2.47873, 2.49421, 2.51034, 2.52714, 2.54462, 2.56282, 2.58175, 2.60142, 2.62188, 2.64315, 2.66524, 2.68819, 2.71204, 2.73681, 2.76254, 2.78927, 2.81703, 2.84586, 2.87582, 2.90694, 2.93928, 2.97289, 3.00783, 3.04415, 3.08192, 3.11009, 3.06732, 3.02625, 2.98679, 2.94888, 2.91243, 2.87739, 2.84369, 2.81126, 2.78007, 2.75005, 2.72115, 2.69334, 2.66656, 2.64078, 2.61597, 2.59207, 2.56907, 2.54693, 2.52562, 2.50511, 2.48537
